Series_Title;Released_Year;Runtime;Genre;IMDB_Rating;Meta_score;Director;Star1;No_of_Votes;Gross
The Shawshank Redemption;1994;142 min;Drama;9.3;80;Frank Darabont;Tim Robbins;2343110;28341469
The Godfather;1972;175 min;Crime Drama;9.2;100;Francis Ford Coppola;Marlon Brando;1620367;134966411
The Dark Knight;2008;152 min;Action Crime Drama;9;84;Christopher Nolan;Christian Bale;2303232;534858444
The Godfather: Part II;1974;202 min;Crime Drama;9;90;Francis Ford Coppola;Al Pacino;1129952;57300000
12 Angry Men;1957;96 min;Crime Drama;9;96;Sidney Lumet;Henry Fonda;689845;4360000
The Lord of the Rings: The Return of the King;2003;201 min;Action Adventure Drama;8.9;94;Peter Jackson;Elijah Wood;1642758;377845905
Pulp Fiction;1994;154 min;Crime Drama;8.9;94;Quentin Tarantino;John Travolta;1826188;107928762
Schindler's List;1993;195 min;Biography Drama History;8.9;94;Steven Spielberg;Liam Neeson;1213505;96898818
Inception;2010;148 min;Action Adventure Sci-Fi;8.8;74;Christopher Nolan;Leonardo DiCaprio;2067042;292576195
Fight Club;1999;139 min;Drama;8.8;66;David Fincher;Brad Pitt;1854740;37030102
The Lord of the Rings: The Fellowship of the Ring;2001;178 min;Action Adventure Drama;8.8;92;Peter Jackson;Elijah Wood;1661481;315544750
Forrest Gump;1994;142 min;Drama Romance;8.8;82;Robert Zemeckis;Tom Hanks;1809221;330252182
Il buono il brutto il cattivo;1966;161 min;Western;8.8;90;Sergio Leone;Clint Eastwood;688390;6100000
The Lord of the Rings: The Two Towers;2002;179 min;Action Adventure Drama;8.7;87;Peter Jackson;Elijah Wood;1485555;342551365
The Matrix;1999;136 min;Action Sci-Fi;8.7;73;Lana Wachowski;Lilly Wachowski;1676426;171479930
Goodfellas;1990;146 min;Biography Crime Drama;8.7;90;Martin Scorsese;Robert De Niro;1020727;46836394
Star Wars: Episode V - The Empire Strikes Back;1980;124 min;Action Adventure Fantasy;8.7;82;Irvin Kershner;Mark Hamill;1159315;290475067
One Flew Over the Cuckoo's Nest;1975;133 min;Drama;8.7;83;Milos Forman;Jack Nicholson;918088;112000000
Hamilton;2020;160 min;Biography Drama History;8.6;90;Thomas Kail;Lin-Manuel Miranda;55291;
Gisaengchung;2019;132 min;Comedy Drama Thriller;8.6;96;Bong Joon Ho;Kang-ho Song;552778;53367844
Soorarai Pottru;2020;153 min;Drama;8.6;;Sudha Kongara;Suriya;54995;
Interstellar;2014;169 min;Adventure Drama Sci-Fi;8.6;74;Christopher Nolan;Matthew McConaughey;1512360;188020017
Cidade de Deus;2002;130 min;Crime Drama;8.6;79;Fernando Meirelles;Kátia Lund;699256;7563397
Sen to Chihiro no kamikakushi;2001;125 min;Animation Adventure Family;8.6;96;Hayao Miyazaki;Daveigh Chase;651376;10055859
Saving Private Ryan;1998;169 min;Drama War;8.6;91;Steven Spielberg;Tom Hanks;1235804;216540909
The Green Mile;1999;189 min;Crime Drama Fantasy;8.6;61;Frank Darabont;Tom Hanks;1147794;136801374
La vita è bella;1997;116 min;Comedy Drama Romance;8.6;59;Roberto Benigni;Roberto Benigni;623629;57598247
Se7en;1995;127 min;Crime Drama Mystery;8.6;65;David Fincher;Morgan Freeman;1445096;100125643
The Silence of the Lambs;1991;118 min;Crime Drama Thriller;8.6;85;Jonathan Demme;Jodie Foster;1270197;130742922
Star Wars;1977;121 min;Action Adventure Fantasy;8.6;90;George Lucas;Mark Hamill;1231473;322740140
Seppuku;1962;133 min;Action Drama Mystery;8.6;85;Masaki Kobayashi;Tatsuya Nakadai;42004;
Shichinin no samurai;1954;207 min;Action Adventure Drama;8.6;98;Akira Kurosawa;Toshirô Mifune;315744;269061
It's a Wonderful Life;1946;130 min;Drama Family Fantasy;8.6;89;Frank Capra;James Stewart;405801;
Joker;2019;122 min;Crime Drama Thriller;8.5;59;Todd Phillips;Joaquin Phoenix;939252;335451311
Whiplash;2014;106 min;Drama Music;8.5;88;Damien Chazelle;Miles Teller;717585;13092000
The Intouchables;2011;112 min;Biography Comedy Drama;8.5;57;Olivier Nakache;Éric Toledano;760360;13182281
The Prestige;2006;130 min;Drama Mystery Sci-Fi;8.5;66;Christopher Nolan;Christian Bale;1190259;53089891
The Departed;2006;151 min;Crime Drama Thriller;8.5;85;Martin Scorsese;Leonardo DiCaprio;1189773;132384315
The Pianist;2002;150 min;Biography Drama Music;8.5;85;Roman Polanski;Adrien Brody;729603;32572577
Gladiator;2000;155 min;Action Adventure Drama;8.5;67;Ridley Scott;Russell Crowe;1341460;187705427
American History X;1998;119 min;Drama;8.5;62;Tony Kaye;Edward Norton;1034705;6719864
The Usual Suspects;1995;106 min;Crime Mystery Thriller;8.5;77;Bryan Singer;Kevin Spacey;991208;23341568
Léon;1994;110 min;Action Crime Drama;8.5;64;Luc Besson;Jean Reno;1035236;19501238
The Lion King;1994;88 min;Animation Adventure Drama;8.5;88;Roger Allers;Rob Minkoff;942045;422783777
Terminator 2: Judgment Day;1991;137 min;Action Sci-Fi;8.5;75;James Cameron;Arnold Schwarzenegger;995506;204843350
Nuovo Cinema Paradiso;1988;155 min;Drama Romance;8.5;80;Giuseppe Tornatore;Philippe Noiret;230763;11990401
Hotaru no haka;1988;89 min;Animation Drama War;8.5;94;Isao Takahata;Tsutomu Tatsumi;235231;
Back to the Future;1985;116 min;Adventure Comedy Sci-Fi;8.5;87;Robert Zemeckis;Michael J. Fox;1058081;210609762
Once Upon a Time in the West;1968;165 min;Western;8.5;80;Sergio Leone;Henry Fonda;302844;5321508
Psycho;1960;109 min;Horror Mystery Thriller;8.5;97;Alfred Hitchcock;Anthony Perkins;604211;32000000
Casablanca;1942;102 min;Drama Romance War;8.5;100;Michael Curtiz;Humphrey Bogart;522093;1024560
Modern Times;1936;87 min;Comedy Drama Family;8.5;96;Charles Chaplin;Charles Chaplin;217881;163245
City Lights;1931;87 min;Comedy Drama Romance;8.5;99;Charles Chaplin;Charles Chaplin;167839;19181
Capharnaüm;2018;126 min;Drama;8.4;75;Nadine Labaki;Zain Al Rafeea;62635;1661096
Ayla: The Daughter of War;2017;125 min;Biography Drama History;8.4;;Can Ulkay;Erdem Can;34112;
Vikram Vedha;2017;147 min;Action Crime Drama;8.4;;Gayatri;Pushkar;28401;
Kimi no na wa.;2016;106 min;Animation Drama Fantasy;8.4;79;Makoto Shinkai;Ryûnosuke Kamiki;194838;5017246
Dangal;2016;161 min;Action Biography Drama;8.4;;Nitesh Tiwari;Aamir Khan;156479;12391761
Spider-Man: Into the Spider-Verse;2018;117 min;Animation Action Adventure;8.4;87;Bob Persichetti;Peter Ramsey;375110;190241310
Avengers: Endgame;2019;181 min;Action Adventure Drama;8.4;78;Anthony Russo;Joe Russo;809955;858373000
Avengers: Infinity War;2018;149 min;Action Adventure Sci-Fi;8.4;68;Anthony Russo;Joe Russo;834477;678815482
Coco;2017;105 min;Animation Adventure Family;8.4;81;Lee Unkrich;Adrian Molina;384171;209726015
Django Unchained;2012;165 min;Drama Western;8.4;81;Quentin Tarantino;Jamie Foxx;1357682;162805434
The Dark Knight Rises;2012;164 min;Action Adventure;8.4;78;Christopher Nolan;Christian Bale;1516346;448139099
3 Idiots;2009;170 min;Comedy Drama;8.4;67;Rajkumar Hirani;Aamir Khan;344445;6532908
Taare Zameen Par;2007;165 min;Drama Family;8.4;;Aamir Khan;Amole Gupte;168895;1223869
WALL·E;2008;98 min;Animation Adventure Family;8.4;95;Andrew Stanton;Ben Burtt;999790;223808164
The Lives of Others;2006;137 min;Drama Mystery Thriller;8.4;89;Florian Henckel von Donnersmarck;Ulrich Mühe;358685;11286112
Oldeuboi;2003;101 min;Action Drama Mystery;8.4;77;Chan-wook Park;Choi Min-sik;515451;707481
Memento;2000;113 min;Mystery Thriller;8.4;80;Christopher Nolan;Guy Pearce;1125712;25544867
Mononoke-hime;1997;134 min;Animation Action Adventure;8.4;76;Hayao Miyazaki;Yôji Matsuda;343171;2375308
Once Upon a Time in America;1984;229 min;Crime Drama;8.4;;Sergio Leone;Robert De Niro;311365;5321508
Raiders of the Lost Ark;1981;115 min;Action Adventure;8.4;85;Steven Spielberg;Harrison Ford;884112;248159971
The Shining;1980;146 min;Drama Horror;8.4;66;Stanley Kubrick;Jack Nicholson;898237;44017374
Apocalypse Now;1979;147 min;Drama Mystery War;8.4;94;Francis Ford Coppola;Martin Sheen;606398;83471511
Alien;1979;117 min;Horror Sci-Fi;8.4;89;Ridley Scott;Sigourney Weaver;787806;78900000
Anand;1971;122 min;Drama Musical;8.4;;Hrishikesh Mukherjee;Rajesh Khanna;30273;
Tengoku to jigoku;1963;143 min;Crime Drama Mystery;8.4;;Akira Kurosawa;Toshirô Mifune;34357;
Dr. Strangelove or: How I Learned to Stop Worrying and Love the Bomb;1964;95 min;Comedy;8.4;97;Stanley Kubrick;Peter Sellers;450474;275902
Witness for the Prosecution;1957;116 min;Crime Drama Mystery;8.4;;Billy Wilder;Tyrone Power;108862;8175000
Paths of Glory;1957;88 min;Drama War;8.4;90;Stanley Kubrick;Kirk Douglas;178092;
Rear Window;1954;112 min;Mystery Thriller;8.4;100;Alfred Hitchcock;James Stewart;444074;36764313
Sunset Blvd.;1950;110 min;Drama Film-Noir;8.4;;Billy Wilder;William Holden;201632;
The Great Dictator;1940;125 min;Comedy Drama War;8.4;;Charles Chaplin;Charles Chaplin;203150;288475
1917;2019;119 min;Drama Thriller War;8.3;78;Sam Mendes;Dean-Charles Chapman;425844;159227644
Tumbbad;2018;104 min;Drama Fantasy Horror;8.3;;Rahi Anil Barve;Anand Gandhi;27793;
Andhadhun;2018;139 min;Crime Drama Music;8.3;;Sriram Raghavan;Ayushmann Khurrana;71875;1373943
Drishyam;2013;160 min;Crime Drama Thriller;8.3;;Jeethu Joseph;Mohanlal;30722;
Jagten;2012;115 min;Drama;8.3;77;Thomas Vinterberg;Mads Mikkelsen;281623;687185
Jodaeiye Nader az Simin;2011;123 min;Drama;8.3;95;Asghar Farhadi;Payman Maadi;220002;7098492
Incendies;2010;131 min;Drama Mystery War;8.3;80;Denis Villeneuve;Lubna Azabal;150023;6857096
Miracle in cell NO.7;2019;132 min;Drama;8.3;;Mehmet Ada Öztekin;Aras Bulut Iynemli;33935;
Babam ve Oglum;2005;112 min;Drama Family;8.3;;Çagan Irmak;Çetin Tekindor;78925;
Inglourious Basterds;2009;153 min;Adventure Drama War;8.3;69;Quentin Tarantino;Brad Pitt;1267869;120540719
Eternal Sunshine of the Spotless Mind;2004;108 min;Drama Romance Sci-Fi;8.3;89;Michel Gondry;Jim Carrey;911664;34400301
Amélie;2001;122 min;Comedy Romance;8.3;69;Jean-Pierre Jeunet;Audrey Tautou;703810;33225499
Snatch;2000;104 min;Comedy Crime;8.3;55;Guy Ritchie;Jason Statham;782001;30328156
Requiem for a Dream;2000;102 min;Drama;8.3;68;Darren Aronofsky;Ellen Burstyn;766870;3635482
American Beauty;1999;122 min;Drama;8.3;84;Sam Mendes;Kevin Spacey;1069738;130096601
Good Will Hunting;1997;126 min;Drama Romance;8.3;70;Gus Van Sant;Robin Williams;861606;138433435
Bacheha-Ye aseman;1997;89 min;Drama Family Sport;8.3;77;Majid Majidi;Mohammad Amir Naji;65341;933933
Toy Story;1995;81 min;Animation Adventure Comedy;8.3;95;John Lasseter;Tom Hanks;887429;191796233
Braveheart;1995;178 min;Biography Drama History;8.3;68;Mel Gibson;Mel Gibson;959181;75600000
Reservoir Dogs;1992;99 min;Crime Drama Thriller;8.3;79;Quentin Tarantino;Harvey Keitel;918562;2832029
Full Metal Jacket;1987;116 min;Drama War;8.3;76;Stanley Kubrick;Matthew Modine;675146;46357676
Idi i smotri;1985;142 min;Drama Thriller War;8.3;;Elem Klimov;Aleksey Kravchenko;59056;
Aliens;1986;137 min;Action Adventure Sci-Fi;8.3;84;James Cameron;Sigourney Weaver;652719;85160248
Amadeus;1984;160 min;Biography Drama History;8.3;88;Milos Forman;F. Murray Abraham;369007;51973029
Scarface;1983;170 min;Crime Drama;8.3;65;Brian De Palma;Al Pacino;740911;45598982
Star Wars: Episode VI - Return of the Jedi;1983;131 min;Action Adventure Fantasy;8.3;58;Richard Marquand;Mark Hamill;950470;309125409
Das Boot;1981;149 min;Adventure Drama Thriller;8.3;86;Wolfgang Petersen;Jürgen Prochnow;231855;11487676
Taxi Driver;1976;114 min;Crime Drama;8.3;94;Martin Scorsese;Robert De Niro;724636;28262574
The Sting;1973;129 min;Comedy Crime Drama;8.3;83;George Roy Hill;Paul Newman;241513;159600000
A Clockwork Orange;1971;136 min;Crime Drama Sci-Fi;8.3;77;Stanley Kubrick;Malcolm McDowell;757904;6207725
2001: A Space Odyssey;1968;149 min;Adventure Sci-Fi;8.3;84;Stanley Kubrick;Keir Dullea;603517;56954992
Per qualche dollaro in più;1965;132 min;Western;8.3;74;Sergio Leone;Clint Eastwood;232772;15000000
Lawrence of Arabia;1962;228 min;Adventure Biography Drama;8.3;100;David Lean;Peter O'Toole;268085;44824144
The Apartment;1960;125 min;Comedy Drama Romance;8.3;94;Billy Wilder;Jack Lemmon;164363;18600000
North by Northwest;1959;136 min;Adventure Mystery Thriller;8.3;98;Alfred Hitchcock;Cary Grant;299198;13275000
Vertigo;1958;128 min;Mystery Romance Thriller;8.3;100;Alfred Hitchcock;James Stewart;364368;3200000
Singin' in the Rain;1952;103 min;Comedy Musical Romance;8.3;99;Stanley Donen;Gene Kelly;218957;8819028
Ikiru;1952;143 min;Drama;8.3;;Akira Kurosawa;Takashi Shimura;68463;5524
Ladri di biciclette;1948;89 min;Drama;8.3;;Vittorio De Sica;Lamberto Maggiorani;146427;33293
Double Indemnity;1944;107 min;Crime Drama Film-Noir;8.3;95;Billy Wilder;Fred MacMurray;143525;5720000
Citizen Kane;1941;119 min;Drama Mystery;8.3;100;Orson Welles;Orson Welles;403351;1585634
M - Eine Stadt sucht einen Mörder;1931;117 min;Crime Mystery Thriller;8.3;;Fritz Lang;Peter Lorre;143434;28877
Metropolis;1927;153 min;Drama Sci-Fi;8.3;98;Fritz Lang;Brigitte Helm;159992;1236166
The Kid;1921;68 min;Comedy Drama Family;8.3;;Charles Chaplin;Charles Chaplin;113314;5450000
Chhichhore;2019;143 min;Comedy Drama;8.2;;Nitesh Tiwari;Sushant Singh Rajput;33893;898575
Uri: The Surgical Strike;2018;138 min;Action Drama War;8.2;;Aditya Dhar;Vicky Kaushal;43444;4186168
K.G.F: Chapter 1;2018;156 min;Action Drama;8.2;;Prashanth Neel;Yash;36680;
Green Book;2018;130 min;Biography Comedy Drama;8.2;69;Peter Farrelly;Viggo Mortensen;377884;85080171
Three Billboards Outside Ebbing Missouri;2017;115 min;Comedy Crime Drama;8.2;88;Martin McDonagh;Frances McDormand;432610;54513740
Talvar;2015;132 min;Crime Drama Mystery;8.2;;Meghna Gulzar;Irrfan Khan;31142;34237
Baahubali 2: The Conclusion;2017;167 min;Action Drama;8.2;;S.S. Rajamouli;Prabhas;75348;20186659
Klaus;2019;96 min;Animation Adventure Comedy;8.2;65;Sergio Pablos;Carlos Martínez López;104761;
Drishyam;2015;163 min;Crime Drama Mystery;8.2;;Nishikant Kamat;Ajay Devgn;70367;739478
Queen;2013;146 min;Adventure Comedy Drama;8.2;;Vikas Bahl;Kangana Ranaut;60701;1429534
Mandariinid;2013;87 min;Drama War;8.2;73;Zaza Urushadze;Lembit Ulfsak;40382;144501
Bhaag Milkha Bhaag;2013;186 min;Biography Drama Sport;8.2;;Rakeysh Omprakash Mehra;Farhan Akhtar;61137;1626289
Gangs of Wasseypur;2012;321 min;Action Comedy Crime;8.2;89;Anurag Kashyap;Manoj Bajpayee;82365;
Udaan;2010;134 min;Drama;8.2;;Vikramaditya Motwane;Rajat Barmecha;42341;7461
Paan Singh Tomar;2012;135 min;Action Biography Crime;8.2;;Tigmanshu Dhulia;Irrfan Khan;33237;39567
El secreto de sus ojos;2009;129 min;Drama Mystery Romance;8.2;80;Juan José Campanella;Ricardo Darín;193217;6391436
Warrior;2011;140 min;Action Drama Sport;8.2;71;Gavin O'Connor;Tom Hardy;435950;13657115
Shutter Island;2010;138 min;Mystery Thriller;8.2;63;Martin Scorsese;Leonardo DiCaprio;1129894;128012934
Up;2009;96 min;Animation Adventure Comedy;8.2;88;Pete Docter;Bob Peterson;935507;293004164
The Wolf of Wall Street;2013;180 min;Biography Crime Drama;8.2;75;Martin Scorsese;Leonardo DiCaprio;1187498;116900694
Chak De! India;2007;153 min;Drama Family Sport;8.2;68;Shimit Amin;Shah Rukh Khan;74129;1113541
There Will Be Blood;2007;158 min;Drama;8.2;93;Paul Thomas Anderson;Daniel Day-Lewis;517359;40222514
Pan's Labyrinth;2006;118 min;Drama Fantasy War;8.2;98;Guillermo del Toro;Ivana Baquero;618623;37634615
Toy Story 3;2010;103 min;Animation Adventure Comedy;8.2;92;Lee Unkrich;Tom Hanks;757032;415004880
V for Vendetta;2005;132 min;Action Drama Sci-Fi;8.2;62;James McTeigue;Hugo Weaving;1032749;70511035
Rang De Basanti;2006;167 min;Comedy Crime Drama;8.2;;Rakeysh Omprakash Mehra;Aamir Khan;111937;2197331
Black;2005;122 min;Drama;8.2;;Sanjay Leela Bhansali;Amitabh Bachchan;33354;733094
Batman Begins;2005;140 min;Action Adventure;8.2;70;Christopher Nolan;Christian Bale;1308302;206852432
Swades: We the People;2004;210 min;Drama;8.2;;Ashutosh Gowariker;Shah Rukh Khan;83005;1223240
Der Untergang;2004;156 min;Biography Drama History;8.2;82;Oliver Hirschbiegel;Bruno Ganz;331308;5509040
Hauru no ugoku shiro;2004;119 min;Animation Adventure Family;8.2;80;Hayao Miyazaki;Chieko Baishô;333915;4711096
A Beautiful Mind;2001;135 min;Biography Drama;8.2;72;Ron Howard;Russell Crowe;848920;170742341
Hera Pheri;2000;156 min;Action Comedy Crime;8.2;;Priyadarshan;Akshay Kumar;57057;
Lock Stock and Two Smoking Barrels;1998;107 min;Action Comedy Crime;8.2;66;Guy Ritchie;Jason Flemyng;535216;3897569
L.A. Confidential;1997;138 min;Crime Drama Mystery;8.2;90;Curtis Hanson;Kevin Spacey;531967;64616940
Eskiya;1996;128 min;Crime Drama Thriller;8.2;;Yavuz Turgul;Sener Sen;64118;
Heat;1995;170 min;Crime Drama Thriller;8.2;76;Michael Mann;Al Pacino;577113;67436818
Casino;1995;178 min;Crime Drama;8.2;73;Martin Scorsese;Robert De Niro;466276;42438300
Andaz Apna Apna;1994;160 min;Action Comedy Romance;8.2;;Rajkumar Santoshi;Aamir Khan;49300;
Unforgiven;1992;130 min;Drama Western;8.2;85;Clint Eastwood;Clint Eastwood;375935;101157447
Indiana Jones and the Last Crusade;1989;127 min;Action Adventure;8.2;65;Steven Spielberg;Harrison Ford;692366;197171806
Dom za vesanje;1988;142 min;Comedy Crime Drama;8.2;;Emir Kusturica;Davor Dujmovic;26402;280015
Tonari no Totoro;1988;86 min;Animation Family Fantasy;8.2;86;Hayao Miyazaki;Hitoshi Takagi;291180;1105564
Die Hard;1988;132 min;Action Thriller;8.2;72;John McTiernan;Bruce Willis;793164;83008852
Ran;1985;162 min;Action Drama War;8.2;96;Akira Kurosawa;Tatsuya Nakadai;112505;4135750
Raging Bull;1980;129 min;Biography Drama Sport;8.2;89;Martin Scorsese;Robert De Niro;321860;23383987
Stalker;1979;162 min;Drama Sci-Fi;8.2;;Andrei Tarkovsky;Alisa Freyndlikh;116945;234723
Höstsonaten;1978;99 min;Drama Music;8.2;;Ingmar Bergman;Ingrid Bergman;26875;
The Message;1976;177 min;Biography Drama History;8.2;;Moustapha Akkad;Anthony Quinn;43885;
Sholay;1975;204 min;Action Adventure Comedy;8.2;;Ramesh Sippy;Sanjeev Kumar;51284;
Monty Python and the Holy Grail;1975;91 min;Adventure Comedy Fantasy;8.2;91;Terry Gilliam;Terry Jones;500875;1229197
The Great Escape;1963;172 min;Adventure Drama History;8.2;86;John Sturges;Steve McQueen;224730;12100000
To Kill a Mockingbird;1962;129 min;Crime Drama;8.2;88;Robert Mulligan;Gregory Peck;293811;
Yôjinbô;1961;110 min;Action Drama Thriller;8.2;;Akira Kurosawa;Toshirô Mifune;111244;
Judgment at Nuremberg;1961;179 min;Drama War;8.2;60;Stanley Kramer;Spencer Tracy;69458;
Some Like It Hot;1959;121 min;Comedy Music Romance;8.2;98;Billy Wilder;Marilyn Monroe;243943;25000000
Smultronstället;1957;91 min;Drama Romance;8.2;88;Ingmar Bergman;Victor Sjöström;96381;
Det sjunde inseglet;1957;96 min;Drama Fantasy History;8.2;88;Ingmar Bergman;Max von Sydow;164939;
Du rififi chez les hommes;1955;118 min;Crime Drama Thriller;8.2;97;Jules Dassin;Jean Servais;28810;57226
Dial M for Murder;1954;105 min;Crime Thriller;8.2;75;Alfred Hitchcock;Ray Milland;158335;12562
Tôkyô monogatari;1953;136 min;Drama;8.2;;Yasujirô Ozu;Chishû Ryû;53153;
Rashômon;1950;88 min;Crime Drama Mystery;8.2;98;Akira Kurosawa;Toshirô Mifune;152572;96568
All About Eve;1950;138 min;Drama;8.2;98;Joseph L. Mankiewicz;Bette Davis;120539;10177
The Treasure of the Sierra Madre;1948;126 min;Adventure Drama Western;8.2;98;John Huston;Humphrey Bogart;114304;5014000
To Be or Not to Be;1942;99 min;Comedy War;8.2;86;Ernst Lubitsch;Carole Lombard;29915;
The Gold Rush;1925;95 min;Adventure Comedy Drama;8.2;;Charles Chaplin;Charles Chaplin;101053;5450000
Sherlock Jr.;1924;45 min;Action Comedy Romance;8.2;;Buster Keaton;Buster Keaton;41985;977375
Portrait de la jeune fille en feu;2019;122 min;Drama Romance;8.1;95;Céline Sciamma;Noémie Merlant;63134;3759854
Pink;2016;136 min;Drama Thriller;8.1;;Aniruddha Roy Chowdhury;Taapsee Pannu;39216;1241223
Koe no katachi;2016;130 min;Animation Drama Family;8.1;78;Naoko Yamada;Miyu Irino;47708;
Contratiempo;2016;106 min;Crime Drama Mystery;8.1;;Oriol Paulo;Mario Casas;141516;
Ah-ga-ssi;2016;145 min;Drama Romance Thriller;8.1;84;Chan-wook Park;Kim Min-hee;113649;2006788
Mommy;2014;139 min;Drama;8.1;74;Xavier Dolan;Anne Dorval;50700;3492754
Haider;2014;160 min;Action Crime Drama;8.1;;Vishal Bhardwaj;Shahid Kapoor;50445;90161
Logan;2017;137 min;Action Drama Sci-Fi;8.1;77;James Mangold;Hugh Jackman;647884;226277068
Room;2015;118 min;Drama Thriller;8.1;86;Lenny Abrahamson;Brie Larson;371538;14677674
Relatos salvajes;2014;122 min;Comedy Drama Thriller;8.1;77;Damián Szifron;Darío Grandinetti;177059;3107072
Soul;2020;100 min;Animation Adventure Comedy;8.1;83;Pete Docter;Kemp Powers;159171;
Kis Uykusu;2014;196 min;Drama;8.1;88;Nuri Bilge Ceylan;Haluk Bilginer;46547;16552
PK;2014;153 min;Comedy Drama Musical;8.1;;Rajkumar Hirani;Aamir Khan;163061;10616104
OMG: Oh My God!;2012;125 min;Comedy Drama Fantasy;8.1;;Umesh Shukla;Paresh Rawal;51739;923221
The Grand Budapest Hotel;2014;99 min;Adventure Comedy Crime;8.1;88;Wes Anderson;Ralph Fiennes;707630;59100318
Gone Girl;2014;149 min;Drama Mystery Thriller;8.1;79;David Fincher;Ben Affleck;859695;167767189
Ôkami kodomo no Ame to Yuki;2012;117 min;Animation Drama Fantasy;8.1;71;Mamoru Hosoda;Aoi Miyazaki;38803;
Hacksaw Ridge;2016;139 min;Biography Drama History;8.1;71;Mel Gibson;Andrew Garfield;435928;67209615
Inside Out;2015;95 min;Animation Adventure Comedy;8.1;94;Pete Docter;Ronnie Del Carmen;616228;356461711
Barfi!;2012;151 min;Comedy Drama Romance;8.1;;Anurag Basu;Ranbir Kapoor;75721;2804874
12 Years a Slave;2013;134 min;Biography Drama History;8.1;96;Steve McQueen;Chiwetel Ejiofor;640533;56671993
Rush;2013;123 min;Action Biography Drama;8.1;74;Ron Howard;Daniel Brühl;432811;26947624
Ford v Ferrari;2019;152 min;Action Biography Drama;8.1;81;James Mangold;Matt Damon;291289;117624028
Spotlight;2015;129 min;Biography Crime Drama;8.1;93;Tom McCarthy;Mark Ruffalo;420316;45055776
Song of the Sea;2014;93 min;Animation Adventure Drama;8.1;85;Tomm Moore;David Rawle;51679;857524
Kahaani;2012;122 min;Mystery Thriller;8.1;;Sujoy Ghosh;Vidya Balan;57806;1035953
Zindagi Na Milegi Dobara;2011;155 min;Comedy Drama;8.1;;Zoya Akhtar;Hrithik Roshan;67927;3108485
Prisoners;2013;153 min;Crime Drama Mystery;8.1;70;Denis Villeneuve;Hugh Jackman;601149;61002302
Mad Max: Fury Road;2015;120 min;Action Adventure Sci-Fi;8.1;90;George Miller;Tom Hardy;882316;154058340
A Wednesday;2008;104 min;Action Crime Drama;8.1;;Neeraj Pandey;Anupam Kher;73891;
Gran Torino;2008;116 min;Drama;8.1;72;Clint Eastwood;Clint Eastwood;720450;148095302
Harry Potter and the Deathly Hallows: Part 2;2011;130 min;Adventure Drama Fantasy;8.1;85;David Yates;Daniel Radcliffe;764493;381011219
Okuribito;2008;130 min;Drama Music;8.1;68;Yôjirô Takita;Masahiro Motoki;48582;1498210
Hachi: A Dog's Tale;2009;93 min;Biography Drama Family;8.1;;Lasse Hallström;Richard Gere;253575;
Mary and Max;2009;92 min;Animation Comedy Drama;8.1;;Adam Elliot;Toni Collette;164462;
How to Train Your Dragon;2010;98 min;Animation Action Adventure;8.1;75;Dean DeBlois;Chris Sanders;666773;217581231
Into the Wild;2007;148 min;Adventure Biography Drama;8.1;73;Sean Penn;Emile Hirsch;572921;18354356
No Country for Old Men;2007;122 min;Crime Drama Thriller;8.1;91;Ethan Coen;Joel Coen;856916;74283625
Lage Raho Munna Bhai;2006;144 min;Comedy Drama Romance;8.1;;Rajkumar Hirani;Sanjay Dutt;43137;2217561
Million Dollar Baby;2004;132 min;Drama Sport;8.1;86;Clint Eastwood;Hilary Swank;635975;100492203
Hotel Rwanda;2004;121 min;Biography Drama History;8.1;79;Terry George;Don Cheadle;334320;23530892
Taegukgi hwinalrimyeo;2004;140 min;Action Drama War;8.1;64;Je-kyu Kang;Jang Dong-Gun;37820;1111061
Before Sunset;2004;80 min;Drama Romance;8.1;90;Richard Linklater;Ethan Hawke;236311;5820649
Munna Bhai M.B.B.S.;2003;156 min;Comedy Drama Musical;8.1;;Rajkumar Hirani;Sanjay Dutt;73992;
Salinui chueok;2003;131 min;Crime Drama Mystery;8.1;82;Bong Joon Ho;Kang-ho Song;139558;14131
Dil Chahta Hai;2001;183 min;Comedy Drama Romance;8.1;;Farhan Akhtar;Aamir Khan;66803;300
Kill Bill: Vol. 1;2003;111 min;Action Crime Drama;8.1;69;Quentin Tarantino;Uma Thurman;1000639;70099045
Finding Nemo;2003;100 min;Animation Adventure Comedy;8.1;90;Andrew Stanton;Lee Unkrich;949565;380843261
Catch Me If You Can;2002;141 min;Biography Crime Drama;8.1;75;Steven Spielberg;Leonardo DiCaprio;832846;164615351
Amores perros;2000;154 min;Drama Thriller;8.1;83;Alejandro G. Iñárritu;Emilio Echevarría;223741;5383834
Monsters Inc.;2001;92 min;Animation Adventure Comedy;8.1;79;Pete Docter;David Silverman;815505;289916256
Shin seiki Evangelion Gekijô-ban: Air/Magokoro wo kimi ni;1997;87 min;Animation Action Drama;8.1;;Hideaki Anno;Kazuya Tsurumaki;38847;
Lagaan: Once Upon a Time in India;2001;224 min;Adventure Drama Musical;8.1;84;Ashutosh Gowariker;Aamir Khan;105036;70147
The Sixth Sense;1999;107 min;Drama Mystery Thriller;8.1;64;M. Night Shyamalan;Bruce Willis;911573;293506292
La leggenda del pianista sull'oceano;1998;169 min;Drama Music Romance;8.1;58;Giuseppe Tornatore;Tim Roth;59020;259127
The Truman Show;1998;103 min;Comedy Drama;8.1;90;Peter Weir;Jim Carrey;939631;125618201
Crna macka beli macor;1998;127 min;Comedy Crime Romance;8.1;73;Emir Kusturica;Bajram Severdzan;50862;34866
The Big Lebowski;1998;117 min;Comedy Crime Sport;8.1;71;Joel Coen;Ethan Coen;732620;17498804
Fa yeung nin wah;2000;98 min;Drama Romance;8.1;85;Kar-Wai Wong;Tony Chiu-Wai Leung;124383;2734044
Trainspotting;1996;93 min;Drama;8.1;83;Danny Boyle;Ewan McGregor;634716;16501785
Fargo;1996;98 min;Crime Drama Thriller;8.1;85;Joel Coen;Ethan Coen;617444;24611975
Underground;1995;170 min;Comedy Drama War;8.1;;Emir Kusturica;Predrag 'Miki' Manojlovic;55220;171082
La haine;1995;98 min;Crime Drama;8.1;;Mathieu Kassovitz;Vincent Cassel;150345;309811
Dilwale Dulhania Le Jayenge;1995;189 min;Drama Romance;8.1;;Aditya Chopra;Shah Rukh Khan;63516;
Before Sunrise;1995;101 min;Drama Romance;8.1;77;Richard Linklater;Ethan Hawke;272291;5535405
Trois couleurs: Rouge;1994;99 min;Drama Mystery Romance;8.1;100;Krzysztof Kieslowski;Irène Jacob;90729;4043686
Chung Hing sam lam;1994;102 min;Comedy Crime Drama;8.1;77;Kar-Wai Wong;Brigitte Lin;63122;6002
Jurassic Park;1993;127 min;Action Adventure Sci-Fi;8.1;68;Steven Spielberg;Sam Neill;867615;402453882
In the Name of the Father;1993;133 min;Biography Crime Drama;8.1;84;Jim Sheridan;Daniel Day-Lewis;156842;25010410
Ba wang bie ji;1993;171 min;Drama Music Romance;8.1;;Kaige Chen;Leslie Cheung;25088;5216888
Dà hóng denglong gaogao guà;1991;125 min;Drama History Romance;8.1;;Yimou Zhang;Gong Li;29662;2603061
Dead Poets Society;1989;128 min;Comedy Drama;8.1;79;Peter Weir;Robin Williams;425457;95860116
Stand by Me;1986;89 min;Adventure Drama;8.1;75;Rob Reiner;Wil Wheaton;363401;52287414
Platoon;1986;120 min;Drama War;8.1;92;Oliver Stone;Charlie Sheen;381222;138530565
Paris Texas;1984;145 min;Drama;8.1;78;Wim Wenders;Harry Dean Stanton;91188;2181987
Kaze no tani no Naushika;1984;117 min;Animation Adventure Fantasy;8.1;86;Hayao Miyazaki;Sumi Shimamoto;150924;49577
The Thing;1982;109 min;Horror Mystery Sci-Fi;8.1;57;John Carpenter;Kurt Russell;371271;13782838
Pink Floyd: The Wall;1982;95 min;Drama Fantasy Music;8.1;47;Alan Parker;Bob Geldof;76081;22244207
Fitzcarraldo;1982;158 min;Adventure Drama;8.1;;Werner Herzog;Klaus Kinski;31595;
Fanny och Alexander;1982;188 min;Drama;8.1;100;Ingmar Bergman;Bertil Guve;57784;4971340
Blade Runner;1982;117 min;Action Sci-Fi Thriller;8.1;84;Ridley Scott;Harrison Ford;693827;32868943
The Elephant Man;1980;124 min;Biography Drama;8.1;78;David Lynch;Anthony Hopkins;220078;
Life of Brian;1979;94 min;Comedy;8.1;77;Terry Jones;Graham Chapman;367250;20045115
The Deer Hunter;1978;183 min;Drama War;8.1;86;Michael Cimino;Robert De Niro;311361;48979328
Rocky;1976;120 min;Drama Sport;8.1;70;John G. Avildsen;Sylvester Stallone;518546;117235247
Network;1976;121 min;Drama;8.1;83;Sidney Lumet;Faye Dunaway;144911;
Barry Lyndon;1975;185 min;Adventure Drama History;8.1;89;Stanley Kubrick;Ryan O'Neal;149843;
Zerkalo;1975;107 min;Biography Drama;8.1;;Andrei Tarkovsky;Margarita Terekhova;40081;177345
Chinatown;1974;130 min;Drama Mystery Thriller;8.1;92;Roman Polanski;Jack Nicholson;294230;29000000
Paper Moon;1973;102 min;Comedy Crime Drama;8.1;77;Peter Bogdanovich;Ryan O'Neal;42285;30933743
Viskningar och rop;1972;91 min;Drama;8.1;;Ingmar Bergman;Harriet Andersson;30206;1742348
Solaris;1972;167 min;Drama Mystery Sci-Fi;8.1;90;Andrei Tarkovsky;Natalya Bondarchuk;81021;
Le samouraï;1967;105 min;Crime Drama Mystery;8.1;;Jean-Pierre Melville;Alain Delon;45434;39481
Cool Hand Luke;1967;127 min;Crime Drama;8.1;92;Stuart Rosenberg;Paul Newman;161984;16217773
Persona;1966;85 min;Drama Thriller;8.1;86;Ingmar Bergman;Bibi Andersson;103191;
Andrei Rublev;1966;205 min;Biography Drama History;8.1;;Andrei Tarkovsky;Anatoliy Solonitsyn;46947;102021
La battaglia di Algeri;1966;121 min;Drama War;8.1;96;Gillo Pontecorvo;Brahim Hadjadj;53089;55908
El ángel exterminador;1962;95 min;Drama Fantasy;8.1;;Luis Buñuel;Silvia Pinal;29682;
What Ever Happened to Baby Jane?;1962;134 min;Drama Horror Thriller;8.1;75;Robert Aldrich;Bette Davis;50058;4050000
Sanjuro;1962;96 min;Action Comedy Crime;8.1;;Akira Kurosawa;Toshirô Mifune;33044;
The Man Who Shot Liberty Valance;1962;123 min;Drama Western;8.1;94;John Ford;James Stewart;68827;
Ivanovo detstvo;1962;95 min;Drama War;8.1;;Andrei Tarkovsky;Eduard Abalov;31728;
Jungfrukällan;1960;89 min;Drama;8.1;;Ingmar Bergman;Max von Sydow;26697;1526000
Inherit the Wind;1960;128 min;Biography Drama History;8.1;75;Stanley Kramer;Spencer Tracy;27254;
Les quatre cents coups;1959;99 min;Crime Drama;8.1;;François Truffaut;Jean-Pierre Léaud;105291;
Ben-Hur;1959;212 min;Adventure Drama History;8.1;90;William Wyler;Charlton Heston;219466;74700000
Kakushi-toride no san-akunin;1958;139 min;Adventure Drama;8.1;;Akira Kurosawa;Toshirô Mifune;34797;
Le notti di Cabiria;1957;110 min;Drama;8.1;;Federico Fellini;Giulietta Masina;42940;752045
Kumonosu-jô;1957;110 min;Drama History;8.1;;Akira Kurosawa;Toshirô Mifune;46678;
The Bridge on the River Kwai;1957;161 min;Adventure Drama War;8.1;87;David Lean;William Holden;203463;44908000
On the Waterfront;1954;108 min;Crime Drama Thriller;8.1;91;Elia Kazan;Marlon Brando;142107;9600000
Le salaire de la peur;1953;131 min;Adventure Drama Thriller;8.1;85;Henri-Georges Clouzot;Yves Montand;54588;
Ace in the Hole;1951;111 min;Drama Film-Noir;8.1;72;Billy Wilder;Kirk Douglas;31568;3969893
White Heat;1949;114 min;Action Crime Drama;8.1;;Raoul Walsh;James Cagney;29807;
The Third Man;1949;104 min;Film-Noir Mystery Thriller;8.1;97;Carol Reed;Orson Welles;158731;449191
The Red Shoes;1948;135 min;Drama Music Romance;8.1;;Michael Powell;Emeric Pressburger;30935;10900000
The Shop Around the Corner;1940;99 min;Comedy Drama Romance;8.1;96;Ernst Lubitsch;Margaret Sullavan;28450;2033
Rebecca;1940;130 min;Drama Mystery Romance;8.1;86;Alfred Hitchcock;Laurence Olivier;123942;4360000
Mr. Smith Goes to Washington;1939;129 min;Comedy Drama;8.1;73;Frank Capra;James Stewart;107017;9600000
Gone with the Wind;1939;238 min;Drama History Romance;8.1;97;Victor Fleming;George Cukor;290074;198676459
La Grande Illusion;1937;113 min;Drama War;8.1;;Jean Renoir;Jean Gabin;33829;172885
It Happened One Night;1934;105 min;Comedy Romance;8.1;87;Frank Capra;Clark Gable;94016;4360000
La passion de Jeanne d'Arc;1928;110 min;Biography Drama History;8.1;;Carl Theodor Dreyer;Maria Falconetti;47676;21877
The Circus;1928;72 min;Comedy Romance;8.1;90;Charles Chaplin;Charles Chaplin;30205;
Sunrise: A Song of Two Humans;1927;94 min;Drama Romance;8.1;;F.W. Murnau;George O'Brien;46865;53954
The General;1926;67 min;Action Adventure Comedy;8.1;;Clyde Bruckman;Buster Keaton;81156;1033895
Das Cabinet des Dr. Caligari;1920;76 min;Fantasy Horror Mystery;8.1;;Robert Wiene;Werner Krauss;57428;
Badhaai ho;2018;124 min;Comedy Drama;8;;Amit Ravindernath Sharma;Ayushmann Khurrana;27978;
Togo;2019;113 min;Adventure Biography Drama;8;69;Ericson Core;Willem Dafoe;37556;
Airlift;2016;130 min;Drama History;8;;Raja Menon;Akshay Kumar;52897;
Bajrangi Bhaijaan;2015;163 min;Action Adventure Comedy;8;;Kabir Khan;Salman Khan;72245;8178001
Baby;2015;159 min;Action Crime Thriller;8;;Neeraj Pandey;Akshay Kumar;52848;
La La Land;2016;128 min;Comedy Drama Music;8;94;Damien Chazelle;Ryan Gosling;505918;151101803
Lion;2016;118 min;Biography Drama;8;69;Garth Davis;Dev Patel;213970;51739495
The Martian;2015;144 min;Adventure Drama Sci-Fi;8;80;Ridley Scott;Matt Damon;760094;228433663
Zootopia;2016;108 min;Animation Adventure Comedy;8;78;Byron Howard;Rich Moore;434143;341268248
Bãhubali: The Beginning;2015;159 min;Action Drama;8;;S.S. Rajamouli;Prabhas;102972;6738000
Kaguyahime no monogatari;2013;137 min;Animation Adventure Drama;8;89;Isao Takahata;Chloë Grace Moretz;38746;1506975
Wonder;2017;113 min;Drama Family;8;66;Stephen Chbosky;Jacob Tremblay;141923;132422809
Gully Boy;2019;154 min;Drama Music Romance;8;65;Zoya Akhtar;Vijay Varma;31886;5566534
Special Chabbis;2013;144 min;Crime Drama Thriller;8;;Neeraj Pandey;Akshay Kumar;51069;1079369
Short Term 12;2013;96 min;Drama;8;82;Destin Daniel Cretton;Brie Larson;81770;1010414
Serbuan maut 2: Berandal;2014;150 min;Action Crime Thriller;8;71;Gareth Evans;Iko Uwais;114316;2625803
The Imitation Game;2014;114 min;Biography Drama Thriller;8;73;Morten Tyldum;Benedict Cumberbatch;685201;91125683
Guardians of the Galaxy;2014;121 min;Action Adventure Comedy;8;76;James Gunn;Chris Pratt;1043455;333176600
Blade Runner 2049;2017;164 min;Action Drama Mystery;8;81;Denis Villeneuve;Harrison Ford;461823;92054159
Her;2013;126 min;Drama Romance Sci-Fi;8;90;Spike Jonze;Joaquin Phoenix;540772;25568251
Bohemian Rhapsody;2018;134 min;Biography Drama Music;8;49;Bryan Singer;Rami Malek;450349;216428042
The Revenant;2015;156 min;Action Adventure Drama;8;76;Alejandro G. Iñárritu;Leonardo DiCaprio;705589;183637894
The Perks of Being a Wallflower;2012;103 min;Drama Romance;8;67;Stephen Chbosky;Logan Lerman;462252;17738570
Tropa de Elite 2: O Inimigo Agora é Outro;2010;115 min;Action Crime Drama;8;71;José Padilha;Wagner Moura;79200;100119
The King's Speech;2010;118 min;Biography Drama History;8;88;Tom Hooper;Colin Firth;639603;138797449
The Help;2011;146 min;Drama;8;62;Tate Taylor;Emma Stone;428521;169708112
Deadpool;2016;108 min;Action Adventure Comedy;8;65;Tim Miller;Ryan Reynolds;902669;363070709
Darbareye Elly;2009;119 min;Drama Mystery;8;87;Asghar Farhadi;Golshifteh Farahani;45803;106662
Dev.D;2009;144 min;Drama Romance;8;;Anurag Kashyap;Abhay Deol;28749;1095
Yip Man;2008;106 min;Action Biography Drama;8;59;Wilson Yip;Donnie Yen;211427;
My Name Is Khan;2010;165 min;Drama;8;50;Karan Johar;Shah Rukh Khan;98575;4018695
Nefes: Vatan Sagolsun;2009;128 min;Action Drama Thriller;8;;Levent Semerci;Erdem Can;31838;
Slumdog Millionaire;2008;120 min;Drama Romance;8;84;Danny Boyle;Loveleen Tandan;798882;141319928
Black Swan;2010;108 min;Drama Thriller;8;79;Darren Aronofsky;Natalie Portman;699673;106954678
Tropa de Elite;2007;115 min;Action Crime Drama;8;33;José Padilha;Wagner Moura;98097;806
The Avengers;2012;143 min;Action Adventure Sci-Fi;8;69;Joss Whedon;Robert Downey Jr.;1260806;623279547
Persepolis;2007;96 min;Animation Biography Drama;8;90;Vincent Paronnaud;Marjane Satrapi;88656;4445756
Dallas Buyers Club;2013;117 min;Biography Drama;8;80;Jean-Marc Vallée;Matthew McConaughey;441614;27298285
The Pursuit of Happyness;2006;117 min;Biography Drama;8;64;Gabriele Muccino;Will Smith;448930;163566459
Blood Diamond;2006;143 min;Adventure Drama Thriller;8;64;Edward Zwick;Leonardo DiCaprio;499439;57366262
The Bourne Ultimatum;2007;115 min;Action Mystery Thriller;8;85;Paul Greengrass;Matt Damon;604694;227471070
Bin-jip;2004;88 min;Crime Drama Romance;8;72;Ki-duk Kim;Seung-Yun Lee;50610;238507
Sin City;2005;124 min;Crime Thriller;8;74;Frank Miller;Quentin Tarantino;738512;74103820
Le scaphandre et le papillon;2007;112 min;Biography Drama;8;92;Julian Schnabel;Laura Obiols;103284;5990075
G.O.R.A.;2004;127 min;Adventure Comedy Sci-Fi;8;;Ömer Faruk Sorak;Cem Yilmaz;56960;
Ratatouille;2007;111 min;Animation Adventure Comedy;8;96;Brad Bird;Jan Pinkava;641645;206445654
Casino Royale;2006;144 min;Action Adventure Thriller;8;80;Martin Campbell;Daniel Craig;582239;167445960
Kill Bill: Vol. 2;2004;137 min;Action Crime Thriller;8;83;Quentin Tarantino;Uma Thurman;683900;66208183
Vozvrashchenie;2003;110 min;Drama;8;82;Andrey Zvyagintsev;Vladimir Garin;42399;502028
Bom Yeoareum Gaeul Gyeoul Geurigo Bom;2003;103 min;Drama Romance;8;85;Ki-duk Kim;Ki-duk Kim;77520;2380788
Mar adentro;2014;126 min;Biography Drama;8;74;Alejandro Amenábar;Javier Bardem;77554;2086345
Cinderella Man;2005;144 min;Biography Drama History;8;69;Ron Howard;Russell Crowe;176151;61649911
Kal Ho Naa Ho;2003;186 min;Comedy Drama Musical;8;54;Nikkhil Advani;Preity Zinta;63460;1787378
Mou gaan dou;2002;101 min;Action Crime Drama;8;75;Andrew Lau;Alan Mak;117857;169659
Pirates of the Caribbean: The Curse of the Black Pearl;2003;143 min;Action Adventure Fantasy;8;63;Gore Verbinski;Johnny Depp;1015122;305413918
Big Fish;2003;125 min;Adventure Drama Fantasy;8;58;Tim Burton;Ewan McGregor;415218;66257002
The Incredibles;2004;115 min;Animation Action Adventure;8;90;Brad Bird;Craig T. Nelson;657047;261441092
Yeopgijeogin geunyeo;2001;137 min;Comedy Drama Romance;8;;Jae-young Kwak;Tae-Hyun Cha;45403;
Dogville;2003;178 min;Crime Drama;8;60;Lars von Trier;Nicole Kidman;137963;1530386
Vizontele;2001;110 min;Comedy Drama;8;;Yilmaz Erdogan;Ömer Faruk Sorak;33592;
Donnie Darko;2001;113 min;Drama Mystery Sci-Fi;8;88;Richard Kelly;Jake Gyllenhaal;740086;1480006
Magnolia;1999;188 min;Drama;8;77;Paul Thomas Anderson;Tom Cruise;289742;22455976
Dancer in the Dark;2000;140 min;Crime Drama Musical;8;61;Lars von Trier;Björk;102285;4184036
The Straight Story;1999;112 min;Biography Drama;8;86;David Lynch;Richard Farnsworth;82002;6203044
Pâfekuto burû;1997;81 min;Animation Crime Mystery;8;;Satoshi Kon;Junko Iwao;58192;776665
Festen;1998;105 min;Drama;8;82;Thomas Vinterberg;Ulrich Thomsen;78341;1647780
Central do Brasil;1998;110 min;Drama;8;80;Walter Salles;Fernanda Montenegro;36419;5595428
The Iron Giant;1999;86 min;Animation Action Adventure;8;85;Brad Bird;Eli Marienthal;172083;23159305
Knockin' on Heaven's Door;1997;87 min;Action Crime Comedy;8;;Thomas Jahn;Til Schweiger;27721;3296
Sling Blade;1996;135 min;Drama;8;84;Billy Bob Thornton;Billy Bob Thornton;86838;24475416
Secrets & Lies;1996;136 min;Comedy Drama;8;91;Mike Leigh;Timothy Spall;37564;13417292
Twelve Monkeys;1995;129 min;Mystery Sci-Fi Thriller;8;74;Terry Gilliam;Bruce Willis;578443;57141459
Kôkaku Kidôtai;1995;83 min;Animation Action Crime;8;76;Mamoru Oshii;Atsuko Tanaka;129231;515905
The Nightmare Before Christmas;1993;76 min;Animation Family Fantasy;8;82;Henry Selick;Danny Elfman;300208;75082668
Groundhog Day;1993;101 min;Comedy Fantasy Romance;8;72;Harold Ramis;Bill Murray;577991;70906973
Bound by Honor;1993;180 min;Crime Drama;8;47;Taylor Hackford;Damian Chapa;28825;4496583
Scent of a Woman;1992;156 min;Drama;8;59;Martin Brest;Al Pacino;263918;63895607
Aladdin;1992;90 min;Animation Adventure Comedy;8;86;Ron Clements;John Musker;373845;217350219
JFK;1991;189 min;Drama History Thriller;8;72;Oliver Stone;Kevin Costner;142110;70405498
Beauty and the Beast;1991;84 min;Animation Family Fantasy;8;95;Gary Trousdale;Kirk Wise;417178;218967620
Dances with Wolves;1990;181 min;Adventure Drama Western;8;72;Kevin Costner;Kevin Costner;240266;184208848
Do the Right Thing;1989;120 min;Comedy Drama;8;93;Spike Lee;Danny Aiello;89429;27545445
Rain Man;1988;133 min;Drama;8;65;Barry Levinson;Dustin Hoffman;473064;178800000
Akira;1988;124 min;Animation Action Sci-Fi;8;;Katsuhiro Ôtomo;Mitsuo Iwata;164918;553171
The Princess Bride;1987;98 min;Adventure Family Fantasy;8;77;Rob Reiner;Cary Elwes;393899;30857814
Der Himmel über Berlin;1987;128 min;Drama Fantasy Romance;8;79;Wim Wenders;Bruno Ganz;64722;3333969
Au revoir les enfants;1987;104 min;Drama War;8;88;Louis Malle;Gaspard Manesse;31163;4542825
Tenkû no shiro Rapyuta;1986;125 min;Animation Adventure Drama;8;78;Hayao Miyazaki;Mayumi Tanaka;150140;
The Terminator;1984;107 min;Action Sci-Fi;8;84;James Cameron;Arnold Schwarzenegger;799795;38400000
Gandhi;1982;191 min;Biography Drama History;8;79;Richard Attenborough;Ben Kingsley;217664;52767889
Kagemusha;1980;180 min;Drama History War;8;84;Akira Kurosawa;Tatsuya Nakadai;32195;
Being There;1979;130 min;Comedy Drama;8;83;Hal Ashby;Peter Sellers;65625;30177511
Annie Hall;1977;93 min;Comedy Romance;8;92;Woody Allen;Woody Allen;251823;39200000
Jaws;1975;124 min;Adventure Thriller;8;87;Steven Spielberg;Roy Scheider;543388;260000000
Dog Day Afternoon;1975;125 min;Biography Crime Drama;8;86;Sidney Lumet;Al Pacino;235652;50000000
Young Frankenstein;1974;106 min;Comedy;8;80;Mel Brooks;Gene Wilder;143359;86300000
Papillon;1973;151 min;Biography Crime Drama;8;58;Franklin J. Schaffner;Steve McQueen;121627;53267000
The Exorcist;1973;122 min;Horror;8;81;William Friedkin;Ellen Burstyn;362393;232906145
Sleuth;1972;138 min;Mystery Thriller;8;;Joseph L. Mankiewicz;Laurence Olivier;44748;4081254
The Last Picture Show;1971;118 min;Drama Romance;8;93;Peter Bogdanovich;Timothy Bottoms;42456;29133000
Fiddler on the Roof;1971;181 min;Drama Family Musical;8;67;Norman Jewison;Topol;39491;80500000
Il conformista;1970;113 min;Drama;8;100;Bernardo Bertolucci;Jean-Louis Trintignant;27067;54194
Butch Cassidy and the Sundance Kid;1969;110 min;Biography Crime Drama;8;66;George Roy Hill;Paul Newman;201888;102308889
Rosemary's Baby;1968;137 min;Drama Horror;8;96;Roman Polanski;Mia Farrow;193674;
Planet of the Apes;1968;112 min;Adventure Sci-Fi;8;79;Franklin J. Schaffner;Charlton Heston;165167;33395426
The Graduate;1967;106 min;Comedy Drama Romance;8;83;Mike Nichols;Dustin Hoffman;253676;104945305
Who's Afraid of Virginia Woolf?;1966;131 min;Drama;8;75;Mike Nichols;Elizabeth Taylor;68926;
The Sound of Music;1965;172 min;Biography Drama Family;8;63;Robert Wise;Julie Andrews;205425;163214286
Doctor Zhivago;1965;197 min;Drama Romance War;8;69;David Lean;Omar Sharif;69903;111722000
Per un pugno di dollari;1964;99 min;Action Drama Western;8;65;Sergio Leone;Clint Eastwood;198219;14500000
8½;1963;138 min;Drama;8;91;Federico Fellini;Marcello Mastroianni;108844;5069
Vivre sa vie: Film en douze tableaux;1962;80 min;Drama;8;;Jean-Luc Godard;Anna Karina;28057;
The Hustler;1961;134 min;Drama Sport;8;90;Robert Rossen;Paul Newman;75067;8284000
La dolce vita;1960;174 min;Comedy Drama;8;95;Federico Fellini;Marcello Mastroianni;66621;19516000
Rio Bravo;1959;141 min;Action Drama Western;8;93;Howard Hawks;John Wayne;56305;12535000
Anatomy of a Murder;1959;161 min;Crime Drama Mystery;8;95;Otto Preminger;James Stewart;59847;11900000
Touch of Evil;1958;95 min;Crime Drama Film-Noir;8;99;Orson Welles;Charlton Heston;98431;2237659
Cat on a Hot Tin Roof;1958;108 min;Drama;8;84;Richard Brooks;Elizabeth Taylor;45062;17570324
Sweet Smell of Success;1957;96 min;Drama Film-Noir;8;100;Alexander Mackendrick;Burt Lancaster;28137;
The Killing;1956;84 min;Crime Drama Film-Noir;8;91;Stanley Kubrick;Sterling Hayden;81702;
The Night of the Hunter;1955;92 min;Crime Drama Film-Noir;8;99;Charles Laughton;Robert Mitchum;81980;654
La Strada;1954;108 min;Drama;8;;Federico Fellini;Anthony Quinn;58314;
Les diaboliques;1955;117 min;Crime Drama Horror;8;;Henri-Georges Clouzot;Simone Signoret;61503;
Stalag 17;1953;120 min;Comedy Drama War;8;84;Billy Wilder;William Holden;51046;
Roman Holiday;1953;118 min;Comedy Romance;8;78;William Wyler;Gregory Peck;127256;
A Streetcar Named Desire;1951;122 min;Drama;8;97;Elia Kazan;Vivien Leigh;99182;8000000
In a Lonely Place;1950;94 min;Drama Film-Noir Mystery;8;;Nicholas Ray;Humphrey Bogart;26784;
Kind Hearts and Coronets;1949;106 min;Comedy Crime;8;;Robert Hamer;Dennis Price;34485;
Rope;1948;80 min;Crime Drama Mystery;8;73;Alfred Hitchcock;James Stewart;129783;
Out of the Past;1947;97 min;Crime Drama Film-Noir;8;;Jacques Tourneur;Robert Mitchum;32784;
Brief Encounter;1945;86 min;Drama Romance;8;92;David Lean;Celia Johnson;35601;
Laura;1944;88 min;Drama Film-Noir Mystery;8;;Otto Preminger;Gene Tierney;42725;4360000
The Best Years of Our Lives;1946;170 min;Drama Romance War;8;93;William Wyler;Myrna Loy;57259;23650000
Arsenic and Old Lace;1942;118 min;Comedy Crime Thriller;8;;Frank Capra;Cary Grant;65101;
The Maltese Falcon;1941;100 min;Film-Noir Mystery;8;96;John Huston;Humphrey Bogart;148928;2108060
The Grapes of Wrath;1940;129 min;Drama History;8;96;John Ford;Henry Fonda;85559;55
The Wizard of Oz;1939;102 min;Adventure Family Fantasy;8;92;Victor Fleming;George Cukor;371379;2076020
La règle du jeu;1939;110 min;Comedy Drama;8;;Jean Renoir;Marcel Dalio;26725;
The Thin Man;1934;91 min;Comedy Crime Mystery;8;86;W.S. Van Dyke;William Powell;26642;
All Quiet on the Western Front;1930;152 min;Drama War;8;91;Lewis Milestone;Lew Ayres;57318;3270000
Bronenosets Potemkin;1925;75 min;Drama History Thriller;8;97;Sergei M. Eisenstein;Aleksandr Antonov;53054;5097
Knives Out;2019;130 min;Comedy Crime Drama;7.9;82;Rian Johnson;Daniel Craig;454203;165359751
Dil Bechara;2020;101 min;Comedy Drama Romance;7.9;;Mukesh Chhabra;Sushant Singh Rajput;111478;
Manbiki kazoku;2018;121 min;Crime Drama;7.9;93;Hirokazu Koreeda;Lily Franky;62754;3313513
Marriage Story;2019;137 min;Comedy Drama Romance;7.9;94;Noah Baumbach;Adam Driver;246644;2000000
Call Me by Your Name;2017;132 min;Drama Romance;7.9;93;Luca Guadagnino;Armie Hammer;212651;18095701
I Daniel Blake;2016;100 min;Drama;7.9;78;Ken Loach;Laura Obiols;53818;258168
Isle of Dogs;2018;101 min;Animation Adventure Comedy;7.9;82;Wes Anderson;Bryan Cranston;139114;32015231
Hunt for the Wilderpeople;2016;101 min;Adventure Comedy Drama;7.9;81;Taika Waititi;Sam Neill;111483;5202582
Captain Fantastic;2016;118 min;Comedy Drama;7.9;72;Matt Ross;Viggo Mortensen;189400;5875006
Sing Street;2016;106 min;Comedy Drama Music;7.9;79;John Carney;Ferdia Walsh-Peelo;85109;3237118
Thor: Ragnarok;2017;130 min;Action Adventure Comedy;7.9;74;Taika Waititi;Chris Hemsworth;587775;315058289
Nightcrawler;2014;117 min;Crime Drama Thriller;7.9;76;Dan Gilroy;Jake Gyllenhaal;466134;32381218
Jojo Rabbit;2019;108 min;Comedy Drama War;7.9;58;Taika Waititi;Roman Griffin Davis;297918;349555
Arrival;2016;116 min;Drama Sci-Fi;7.9;81;Denis Villeneuve;Amy Adams;594181;100546139
Star Wars: Episode VII - The Force Awakens;2015;138 min;Action Adventure Sci-Fi;7.9;80;J.J. Abrams;Daisy Ridley;860823;936662225
Before Midnight;2013;109 min;Drama Romance;7.9;94;Richard Linklater;Ethan Hawke;141457;8114627
X-Men: Days of Future Past;2014;132 min;Action Adventure Sci-Fi;7.9;75;Bryan Singer;Patrick Stewart;659763;233921534
Bir Zamanlar Anadolu'da;2011;157 min;Crime Drama;7.9;82;Nuri Bilge Ceylan;Muhammet Uzuner;41995;13873
The Artist;2011;100 min;Comedy Drama Romance;7.9;89;Michel Hazanavicius;Jean Dujardin;230624;44671682
Edge of Tomorrow;2014;113 min;Action Adventure Sci-Fi;7.9;71;Doug Liman;Tom Cruise;600004;100206256
Amour;2012;127 min;Drama Romance;7.9;94;Michael Haneke;Jean-Louis Trintignant;93090;6739492
The Irishman;2019;209 min;Biography Crime Drama;7.9;94;Martin Scorsese;Robert De Niro;324720;7000000
Un prophète;2009;155 min;Crime Drama;7.9;90;Jacques Audiard;Tahar Rahim;93560;2084637
Moon;2009;97 min;Drama Mystery Sci-Fi;7.9;67;Duncan Jones;Sam Rockwell;335152;5009677
Låt den rätte komma in;2008;114 min;Crime Drama Fantasy;7.9;82;Tomas Alfredson;Kåre Hedebrant;205609;2122065
District 9;2009;112 min;Action Sci-Fi Thriller;7.9;81;Neill Blomkamp;Sharlto Copley;638202;115646235
The Wrestler;2008;109 min;Drama Sport;7.9;80;Darren Aronofsky;Mickey Rourke;289415;26236603
Jab We Met;2007;138 min;Comedy Drama Romance;7.9;;Imtiaz Ali;Shahid Kapoor;47720;4108
Boyhood;2014;165 min;Drama;7.9;100;Richard Linklater;Ellar Coltrane;335533;25379975
4 luni 3 saptamâni si 2 zile;2007;113 min;Drama;7.9;97;Cristian Mungiu;Anamaria Marinca;56625;1185783
Star Trek;2009;127 min;Action Adventure Sci-Fi;7.9;82;J.J. Abrams;Chris Pine;577336;257730019
In Bruges;2008;107 min;Comedy Crime Drama;7.9;67;Martin McDonagh;Colin Farrell;390334;7757130
The Man from Earth;2007;87 min;Drama Fantasy Mystery;7.9;;Richard Schenkman;David Lee Smith;174125;
Letters from Iwo Jima;2006;141 min;Action Adventure Drama;7.9;89;Clint Eastwood;Ken Watanabe;154011;13756082
The Fall;2006;117 min;Adventure Drama Fantasy;7.9;64;Tarsem Singh;Lee Pace;107290;2280348
Life of Pi;2012;127 min;Adventure Drama Fantasy;7.9;79;Ang Lee;Suraj Sharma;580708;124987023
Fantastic Mr. Fox;2009;87 min;Animation Adventure Comedy;7.9;83;Wes Anderson;George Clooney;199696;21002919
C.R.A.Z.Y.;2005;129 min;Comedy Drama;7.9;81;Jean-Marc Vallée;Michel Côté;31476;
Les choristes;2004;97 min;Drama Music;7.9;56;Christophe Barratier;Gérard Jugnot;57430;3635164
Iron Man;2008;126 min;Action Adventure Sci-Fi;7.9;79;Jon Favreau;Robert Downey Jr.;939644;318412101
Shaun of the Dead;2004;99 min;Comedy Horror;7.9;76;Edgar Wright;Simon Pegg;512249;13542874
Gegen die Wand;2004;121 min;Drama Romance;7.9;78;Fatih Akin;Birol Ünel;51325;
Mystic River;2003;138 min;Crime Drama Mystery;7.9;84;Clint Eastwood;Sean Penn;419420;90135191
Harry Potter and the Prisoner of Azkaban;2004;142 min;Adventure Family Fantasy;7.9;82;Alfonso Cuarón;Daniel Radcliffe;552493;249358727
Ying xiong;2002;120 min;Action Adventure History;7.9;85;Yimou Zhang;Jet Li;173999;53710019
Hable con ella;2002;112 min;Drama Mystery Romance;7.9;86;Pedro Almodóvar;Rosario Flores;104691;9284265
No Man's Land;2001;98 min;Comedy Drama War;7.9;84;Danis Tanovic;Branko Djuric;44618;1059830
Cowboy Bebop: Tengoku no tobira;2001;115 min;Animation Action Crime;7.9;61;Shin'ichirô Watanabe;Tensai Okamura;42897;1000045
The Bourne Identity;2002;119 min;Action Mystery Thriller;7.9;68;Doug Liman;Franka Potente;508771;121661683
Nueve reinas;2000;114 min;Crime Drama Thriller;7.9;80;Fabián Bielinsky;Ricardo Darín;49721;1221261
Children of Men;2006;109 min;Adventure Drama Sci-Fi;7.9;84;Alfonso Cuarón;Julianne Moore;465113;35552383
Almost Famous;2000;122 min;Adventure Comedy Drama;7.9;90;Cameron Crowe;Billy Crudup;252586;32534850
Mulholland Dr.;2001;147 min;Drama Mystery Thriller;7.9;85;David Lynch;Naomi Watts;322031;7220243
Toy Story 2;1999;92 min;Animation Adventure Comedy;7.9;88;John Lasseter;Ash Brannon;527512;245852179
Boogie Nights;1997;155 min;Drama;7.9;85;Paul Thomas Anderson;Mark Wahlberg;239473;26400640
Mimi wo sumaseba;1995;111 min;Animation Drama Family;7.9;75;Yoshifumi Kondô;Yoko Honna;51943;
Once Were Warriors;1994;102 min;Crime Drama;7.9;77;Lee Tamahori;Rena Owen;31590;2201126
True Romance;1993;119 min;Crime Drama Romance;7.9;59;Tony Scott;Christian Slater;206918;12281500
Trois couleurs: Bleu;1993;94 min;Drama Music Mystery;7.9;85;Krzysztof Kieslowski;Juliette Binoche;89836;1324974
Jûbê ninpûchô;1993;94 min;Animation Action Adventure;7.9;;Yoshiaki Kawajiri;Kôichi Yamadera;34529;
Carlito's Way;1993;144 min;Crime Drama Thriller;7.9;65;Brian De Palma;Al Pacino;201000;36948322
Edward Scissorhands;1990;105 min;Drama Fantasy Romance;7.9;74;Tim Burton;Johnny Depp;447368;56362352
My Left Foot: The Story of Christy Brown;1989;103 min;Biography Drama;7.9;97;Jim Sheridan;Daniel Day-Lewis;68076;14743391
Crimes and Misdemeanors;1989;104 min;Comedy Drama;7.9;77;Woody Allen;Martin Landau;54670;18254702
The Untouchables;1987;119 min;Crime Drama Thriller;7.9;79;Brian De Palma;Kevin Costner;281842;76270454
Hannah and Her Sisters;1986;107 min;Comedy Drama;7.9;90;Woody Allen;Mia Farrow;67176;40084041
Brazil;1985;132 min;Drama Sci-Fi;7.9;84;Terry Gilliam;Jonathan Pryce;187567;9929135
This Is Spinal Tap;1984;82 min;Comedy Music;7.9;92;Rob Reiner;Rob Reiner;128812;188751
A Christmas Story;1983;93 min;Comedy Family;7.9;77;Bob Clark;Peter Billingsley;132947;20605209
The Blues Brothers;1980;133 min;Action Adventure Comedy;7.9;60;John Landis;John Belushi;183182;57229890
Manhattan;1979;96 min;Comedy Drama Romance;7.9;83;Woody Allen;Woody Allen;131436;45700000
All That Jazz;1979;123 min;Drama Music Musical;7.9;72;Bob Fosse;Roy Scheider;28223;37823676
Dawn of the Dead;1978;127 min;Action Adventure Horror;7.9;71;George A. Romero;David Emge;111512;5100000
All the President's Men;1976;138 min;Biography Drama History;7.9;84;Alan J. Pakula;Dustin Hoffman;103031;70600000
La montaña sagrada;1973;114 min;Adventure Drama Fantasy;7.9;76;Alejandro Jodorowsky;Alejandro Jodorowsky;37183;61001
Amarcord;1973;123 min;Comedy Drama Family;7.9;;Federico Fellini;Magali Noël;39897;
Le charme discret de la bourgeoisie;1972;102 min;Comedy;7.9;93;Luis Buñuel;Fernando Rey;38737;198809
Aguirre der Zorn Gottes;1972;95 min;Action Adventure Biography;7.9;;Werner Herzog;Klaus Kinski;52397;
Harold and Maude;1971;91 min;Comedy Drama Romance;7.9;62;Hal Ashby;Ruth Gordon;70826;
Patton;1970;172 min;Biography Drama War;7.9;91;Franklin J. Schaffner;George C. Scott;93741;61700000
The Wild Bunch;1969;145 min;Action Adventure Western;7.9;97;Sam Peckinpah;William Holden;77401;12064472
Night of the Living Dead;1968;96 min;Horror Thriller;7.9;89;George A. Romero;Duane Jones;116557;89029
The Lion in Winter;1968;134 min;Biography Drama History;7.9;;Anthony Harvey;Peter O'Toole;29003;22276975
In the Heat of the Night;1967;110 min;Crime Drama Mystery;7.9;75;Norman Jewison;Sidney Poitier;67804;24379978
Charade;1963;113 min;Comedy Mystery Romance;7.9;83;Stanley Donen;Cary Grant;68689;13474588
The Manchurian Candidate;1962;126 min;Drama Thriller;7.9;94;John Frankenheimer;Frank Sinatra;71122;
Spartacus;1960;197 min;Adventure Biography Drama;7.9;87;Stanley Kubrick;Kirk Douglas;124339;30000000
L'avventura;1960;144 min;Drama Mystery;7.9;;Michelangelo Antonioni;Gabriele Ferzetti;26542;
Hiroshima mon amour;1959;90 min;Drama Romance;7.9;;Alain Resnais;Emmanuelle Riva;28421;883
The Ten Commandments;1956;220 min;Adventure Drama;7.9;;Cecil B. DeMille;Charlton Heston;63560;93740000
The Searchers;1956;119 min;Adventure Drama Western;7.9;94;John Ford;John Wayne;80316;
East of Eden;1955;118 min;Drama;7.9;72;Elia Kazan;James Dean;40313;
High Noon;1952;85 min;Drama Thriller Western;7.9;89;Fred Zinnemann;Gary Cooper;97222;9450000
Strangers on a Train;1951;101 min;Crime Film-Noir Thriller;7.9;88;Alfred Hitchcock;Farley Granger;123341;7630000
Harvey;1950;104 min;Comedy Drama Fantasy;7.9;;Henry Koster;James Stewart;52573;
Miracle on 34th Street;1947;96 min;Comedy Drama Family;7.9;88;George Seaton;Edmund Gwenn;41625;2650000
Notorious;1946;102 min;Drama Film-Noir Romance;7.9;100;Alfred Hitchcock;Cary Grant;92306;10464000
The Big Sleep;1946;114 min;Crime Film-Noir Mystery;7.9;;Howard Hawks;Humphrey Bogart;78796;6540000
The Lost Weekend;1945;101 min;Drama Film-Noir;7.9;;Billy Wilder;Ray Milland;33549;9460000
The Philadelphia Story;1940;112 min;Comedy Romance;7.9;96;George Cukor;Cary Grant;63550;
His Girl Friday;1940;92 min;Comedy Drama Romance;7.9;;Howard Hawks;Cary Grant;53667;296
The Adventures of Robin Hood;1938;102 min;Action Adventure Romance;7.9;97;Michael Curtiz;William Keighley;47175;3981000
A Night at the Opera;1935;96 min;Comedy Music Musical;7.9;;Sam Wood;Edmund Goulding;30580;2537520
King Kong;1933;100 min;Adventure Horror Sci-Fi;7.9;90;Merian C. Cooper;Ernest B. Schoedsack;78991;10000000
Freaks;1932;64 min;Drama Horror;7.9;80;Tod Browning;Wallace Ford;42117;
Nosferatu;1922;94 min;Fantasy Horror;7.9;;F.W. Murnau;Max Schreck;88794;
The Gentlemen;2019;113 min;Action Comedy Crime;7.8;51;Guy Ritchie;Matthew McConaughey;237392;
Raazi;2018;138 min;Action Drama Thriller;7.8;;Meghna Gulzar;Alia Bhatt;25344;
Sound of Metal;2019;120 min;Drama Music;7.8;81;Darius Marder;Riz Ahmed;27187;
Forushande;2016;124 min;Drama;7.8;85;Asghar Farhadi;Shahab Hosseini;51240;2402067
Dunkirk;2017;106 min;Action Drama History;7.8;94;Christopher Nolan;Fionn Whitehead;555092;188373161
Perfetti sconosciuti;2016;96 min;Comedy Drama;7.8;;Paolo Genovese;Giuseppe Battiston;57168;
Hidden Figures;2016;127 min;Biography Drama History;7.8;74;Theodore Melfi;Taraji P. Henson;200876;169607287
Paddington 2;2017;103 min;Adventure Comedy Family;7.8;88;Paul King;Ben Whishaw;61594;40442052
Udta Punjab;2016;148 min;Action Crime Drama;7.8;;Abhishek Chaubey;Shahid Kapoor;27175;
Kubo and the Two Strings;2016;101 min;Animation Action Adventure;7.8;84;Travis Knight;Charlize Theron;118035;48023088
M.S. Dhoni: The Untold Story;2016;184 min;Biography Drama Sport;7.8;;Neeraj Pandey;Sushant Singh Rajput;40416;1782795
Manchester by the Sea;2016;137 min;Drama;7.8;96;Kenneth Lonergan;Casey Affleck;246963;47695120
Under sandet;2015;100 min;Drama History War;7.8;75;Martin Zandvliet;Roland Møller;35539;435266
Rogue One;2016;133 min;Action Adventure Sci-Fi;7.8;65;Gareth Edwards;Felicity Jones;556608;532177324
Captain America: Civil War;2016;147 min;Action Adventure Sci-Fi;7.8;75;Anthony Russo;Joe Russo;663649;408084349
The Hateful Eight;2015;168 min;Crime Drama Mystery;7.8;68;Quentin Tarantino;Samuel L. Jackson;517059;54117416
Little Women;2019;135 min;Drama Romance;7.8;91;Greta Gerwig;Saoirse Ronan;143250;108101214
Loving Vincent;2017;94 min;Animation Biography Crime;7.8;62;Dorota Kobiela;Hugh Welchman;50778;6735118
Pride;2014;119 min;Biography Comedy Drama;7.8;79;Matthew Warchus;Bill Nighy;51841;
Le passé;2013;130 min;Drama Mystery;7.8;85;Asghar Farhadi;Bérénice Bejo;45002;1330596
La grande bellezza;2013;141 min;Drama;7.8;86;Paolo Sorrentino;Toni Servillo;81125;2852400
The Lunchbox;2013;104 min;Drama Romance;7.8;76;Ritesh Batra;Irrfan Khan;50523;4231500
Vicky Donor;2012;126 min;Comedy Romance;7.8;;Shoojit Sircar;Ayushmann Khurrana;39710;169209
Big Hero 6;2014;102 min;Animation Action Adventure;7.8;74;Don Hall;Chris Williams;410983;222527828
About Time;2013;123 min;Comedy Drama Fantasy;7.8;55;Richard Curtis;Domhnall Gleeson;303032;15322921
English Vinglish;2012;134 min;Comedy Drama Family;7.8;;Gauri Shinde;Sridevi;33618;1670773
Kaze tachinu;2013;126 min;Animation Biography Drama;7.8;83;Hayao Miyazaki;Hideaki Anno;73690;5209580
Toy Story 4;2019;100 min;Animation Adventure Comedy;7.8;84;Josh Cooley;Tom Hanks;203177;434038008
La migliore offerta;2013;131 min;Crime Drama Mystery;7.8;49;Giuseppe Tornatore;Geoffrey Rush;108399;85433
Moonrise Kingdom;2012;94 min;Comedy Drama Romance;7.8;84;Wes Anderson;Jared Gilman;318789;45512466
How to Train Your Dragon 2;2014;102 min;Animation Action Adventure;7.8;76;Dean DeBlois;Jay Baruchel;305611;177002924
The Big Short;2015;130 min;Biography Comedy Drama;7.8;81;Adam McKay;Christian Bale;362942;70259870
Kokuhaku;2010;106 min;Drama Thriller;7.8;;Tetsuya Nakashima;Takako Matsu;35713;
Ang-ma-reul bo-at-da;2010;144 min;Action Crime Drama;7.8;67;Jee-woon Kim;Lee Byung-Hun;111252;128392
The Girl with the Dragon Tattoo;2011;158 min;Crime Drama Mystery;7.8;71;David Fincher;Daniel Craig;423010;102515793
Captain Phillips;2013;134 min;Adventure Biography Crime;7.8;82;Paul Greengrass;Tom Hanks;421244;107100855
Ajeossi;2010;119 min;Action Crime Drama;7.8;;Jeong-beom Lee;Won Bin;62848;646
Straight Outta Compton;2015;147 min;Biography Drama History;7.8;72;F. Gary Gray;O'Shea Jackson Jr.;179264;161197785
Madeo;2009;129 min;Crime Drama Mystery;7.8;79;Bong Joon Ho;Hye-ja Kim;52758;547292
Chugyeokja;2008;125 min;Action Crime Thriller;7.8;64;Hong-jin Na;Kim Yoon-seok;58468;
The Hobbit: The Desolation of Smaug;2013;161 min;Adventure Fantasy;7.8;66;Peter Jackson;Ian McKellen;601408;258366855
Das weiße Band - Eine deutsche Kindergeschichte;2009;144 min;Drama History Mystery;7.8;82;Michael Haneke;Christian Friedel;68715;2222647
Män som hatar kvinnor;2009;152 min;Crime Drama Mystery;7.8;76;Niels Arden Oplev;Michael Nyqvist;208994;10095170
The Trial of the Chicago 7;2020;129 min;Drama History Thriller;7.8;77;Aaron Sorkin;Eddie Redmayne;89896;
Druk;2020;117 min;Comedy Drama;7.8;81;Thomas Vinterberg;Mads Mikkelsen;33931;
The Fighter;2010;116 min;Biography Drama Sport;7.8;79;David O. Russell;Mark Wahlberg;340584;93617009
Taken;2008;90 min;Action Thriller;7.8;51;Pierre Morel;Liam Neeson;564791;145000989
The Boy in the Striped Pyjamas;2008;94 min;Drama History War;7.8;55;Mark Herman;Asa Butterfield;190748;9030581
Once;2007;86 min;Drama Music Romance;7.8;88;John Carney;Glen Hansard;110656;9439923
The Hobbit: An Unexpected Journey;2012;169 min;Adventure Fantasy;7.8;58;Peter Jackson;Martin Freeman;757377;303003568
Auf der anderen Seite;2007;122 min;Drama;7.8;85;Fatih Akin;Baki Davrak;30827;741283
Atonement;2007;123 min;Drama Mystery Romance;7.8;85;Joe Wright;Keira Knightley;251370;50927067
Drive;2011;100 min;Crime Drama;7.8;78;Nicolas Winding Refn;Ryan Gosling;571571;35061555
American Gangster;2007;157 min;Biography Crime Drama;7.8;76;Ridley Scott;Denzel Washington;392449;130164645
Avatar;2009;162 min;Action Adventure Fantasy;7.8;83;James Cameron;Sam Worthington;1118998;760507625
Mr. Nobody;2009;141 min;Drama Fantasy Romance;7.8;63;Jaco Van Dormael;Jared Leto;216421;36
Apocalypto;2006;139 min;Action Adventure Drama;7.8;68;Mel Gibson;Gerardo Taracena;291018;50866635
Little Miss Sunshine;2006;101 min;Comedy Drama;7.8;80;Jonathan Dayton;Valerie Faris;439856;59891098
Hot Fuzz;2007;121 min;Action Comedy Mystery;7.8;81;Edgar Wright;Simon Pegg;463466;23637265
The Curious Case of Benjamin Button;2008;166 min;Drama Fantasy Romance;7.8;70;David Fincher;Brad Pitt;589160;127509326
Veer-Zaara;2004;192 min;Drama Family Musical;7.8;67;Yash Chopra;Shah Rukh Khan;49050;2921738
Adams æbler;2005;94 min;Comedy Crime Drama;7.8;51;Anders Thomas Jensen;Ulrich Thomsen;45717;1305
Pride & Prejudice;2005;129 min;Drama Romance;7.8;82;Joe Wright;Keira Knightley;258924;38405088
The World's Fastest Indian;2005;127 min;Biography Drama Sport;7.8;68;Roger Donaldson;Anthony Hopkins;51980;5128124
Tôkyô goddofâzâzu;2003;90 min;Animation Adventure Comedy;7.8;73;Satoshi Kon;Shôgo Furuya;31658;128985
Serenity;2005;119 min;Action Adventure Sci-Fi;7.8;74;Joss Whedon;Nathan Fillion;283310;25514517
Walk the Line;2005;136 min;Biography Drama Music;7.8;72;James Mangold;Joaquin Phoenix;234207;119519402
Ondskan;2003;113 min;Drama;7.8;61;Mikael Håfström;Andreas Wilson;35682;1528
The Notebook;2004;123 min;Drama Romance;7.8;53;Nick Cassavetes;Gena Rowlands;520284;81001787
Diarios de motocicleta;2004;126 min;Adventure Biography Drama;7.8;75;Walter Salles;Gael García Bernal;96703;16756372
Lilja 4-ever;2002;109 min;Crime Drama;7.8;82;Lukas Moodysson;Oksana Akinshina;42673;181655
Les triplettes de Belleville;2003;80 min;Animation Comedy Drama;7.8;91;Sylvain Chomet;Michèle Caucheteux;50622;7002255
Gongdong gyeongbi guyeok JSA;2000;110 min;Action Drama Thriller;7.8;58;Chan-wook Park;Lee Yeong-ae;26518;
The Count of Monte Cristo;2002;131 min;Action Adventure Drama;7.8;61;Kevin Reynolds;Jim Caviezel;129022;54234062
Waking Life;2001;99 min;Animation Drama Fantasy;7.8;83;Richard Linklater;Ethan Hawke;60684;2892011
Remember the Titans;2000;113 min;Biography Drama Sport;7.8;48;Boaz Yakin;Denzel Washington;198089;115654751
Wo hu cang long;2000;120 min;Action Adventure Fantasy;7.8;94;Ang Lee;Yun-Fat Chow;253228;128078872
Todo sobre mi madre;1999;101 min;Drama;7.8;87;Pedro Almodóvar;Cecilia Roth;89058;8264530
Cast Away;2000;143 min;Adventure Drama Romance;7.8;73;Robert Zemeckis;Tom Hanks;524235;233632142
The Boondock Saints;1999;108 min;Action Crime Thriller;7.8;44;Troy Duffy;Willem Dafoe;227143;25812
The Insider;1999;157 min;Biography Drama Thriller;7.8;84;Michael Mann;Russell Crowe;159886;28965197
October Sky;1999;108 min;Biography Drama Family;7.8;71;Joe Johnston;Jake Gyllenhaal;82855;32481825
Shrek;2001;90 min;Animation Adventure Comedy;7.8;84;Andrew Adamson;Vicky Jenson;613941;267665011
Titanic;1997;194 min;Drama Romance;7.8;75;James Cameron;Leonardo DiCaprio;1046089;659325379
Hana-bi;1997;103 min;Crime Drama Romance;7.8;;Takeshi Kitano;Takeshi Kitano;27712;233986
Gattaca;1997;106 min;Drama Sci-Fi Thriller;7.8;64;Andrew Niccol;Ethan Hawke;280845;12339633
The Game;1997;129 min;Action Drama Mystery;7.8;61;David Fincher;Michael Douglas;345096;48323648
Breaking the Waves;1996;159 min;Drama;7.8;76;Lars von Trier;Emily Watson;62428;4040691
Ed Wood;1994;127 min;Biography Comedy Drama;7.8;70;Tim Burton;Johnny Depp;164937;5887457
What's Eating Gilbert Grape;1993;118 min;Drama;7.8;73;Lasse Hallström;Johnny Depp;215034;9170214
Tombstone;1993;130 min;Action Biography Drama;7.8;50;George P. Cosmatos;Kevin Jarre;126871;56505065
The Sandlot;1993;101 min;Comedy Drama Family;7.8;55;David Mickey Evans;Tom Guiry;78963;32416586
The Remains of the Day;1993;134 min;Drama Romance;7.8;84;James Ivory;Anthony Hopkins;66065;22954968
Naked;1993;132 min;Comedy Drama;7.8;84;Mike Leigh;David Thewlis;34635;1769305
The Fugitive;1993;130 min;Action Crime Drama;7.8;87;Andrew Davis;Harrison Ford;267684;183875760
A Bronx Tale;1993;121 min;Crime Drama Romance;7.8;80;Robert De Niro;Robert De Niro;128171;17266971
Batman: Mask of the Phantasm;1993;76 min;Animation Action Crime;7.8;;Kevin Altieri;Boyd Kirkland;43690;5617391
Lat sau san taam;1992;128 min;Action Crime Thriller;7.8;;John Woo;Yun-Fat Chow;46700;
Night on Earth;1991;129 min;Comedy Drama;7.8;68;Jim Jarmusch;Winona Ryder;55362;2015810
La double vie de Véronique;1991;98 min;Drama Fantasy Music;7.8;86;Krzysztof Kieslowski;Irène Jacob;42376;1999955
Boyz n the Hood;1991;112 min;Crime Drama;7.8;76;John Singleton;Cuba Gooding Jr.;126082;57504069
Misery;1990;107 min;Drama Thriller;7.8;75;Rob Reiner;James Caan;184740;61276872
Awakenings;1990;121 min;Biography Drama;7.8;74;Penny Marshall;Robert De Niro;125276;52096475
Majo no takkyûbin;1989;103 min;Animation Adventure Drama;7.8;83;Hayao Miyazaki;Kirsten Dunst;124193;
Glory;1989;122 min;Biography Drama History;7.8;78;Edward Zwick;Matthew Broderick;122779;26830000
Dip huet seung hung;1989;111 min;Action Crime Drama;7.8;82;John Woo;Yun-Fat Chow;45624;
Back to the Future Part II;1989;108 min;Adventure Comedy Sci-Fi;7.8;57;Robert Zemeckis;Michael J. Fox;481918;118500000
Mississippi Burning;1988;128 min;Crime Drama History;7.8;65;Alan Parker;Gene Hackman;88214;34603943
Predator;1987;107 min;Action Adventure Sci-Fi;7.8;45;John McTiernan;Arnold Schwarzenegger;371387;59735548
Evil Dead II;1987;84 min;Action Comedy Fantasy;7.8;72;Sam Raimi;Bruce Campbell;148359;5923044
Ferris Bueller's Day Off;1986;103 min;Comedy;7.8;61;John Hughes;Matthew Broderick;321382;70136369
Down by Law;1986;107 min;Comedy Crime Drama;7.8;75;Jim Jarmusch;Tom Waits;47834;1436000
The Goonies;1985;114 min;Adventure Comedy Family;7.8;62;Richard Donner;Sean Astin;244430;61503218
The Color Purple;1985;154 min;Drama;7.8;78;Steven Spielberg;Danny Glover;78321;98467863
The Breakfast Club;1985;97 min;Comedy Drama;7.8;66;John Hughes;Emilio Estevez;357026;45875171
The Killing Fields;1984;141 min;Biography Drama History;7.8;76;Roland Joffé;Sam Waterston;51585;34700291
Ghostbusters;1984;105 min;Action Comedy Fantasy;7.8;71;Ivan Reitman;Bill Murray;355413;238632124
The Right Stuff;1983;193 min;Adventure Biography Drama;7.8;91;Philip Kaufman;Sam Shepard;56235;21500000
The King of Comedy;1982;109 min;Comedy Crime Drama;7.8;73;Martin Scorsese;Robert De Niro;88511;2500000
E.T. the Extra-Terrestrial;1982;115 min;Family Sci-Fi;7.8;91;Steven Spielberg;Henry Thomas;372490;435110554
Kramer vs. Kramer;1979;105 min;Drama;7.8;77;Robert Benton;Dustin Hoffman;133351;106260000
Days of Heaven;1978;94 min;Drama Romance;7.8;93;Terrence Malick;Richard Gere;52852;
The Outlaw Josey Wales;1976;135 min;Western;7.8;69;Clint Eastwood;Clint Eastwood;65659;31800000
The Man Who Would Be King;1975;129 min;Adventure History War;7.8;91;John Huston;Sean Connery;44917;
The Conversation;1974;113 min;Drama Mystery Thriller;7.8;85;Francis Ford Coppola;Gene Hackman;98611;4420000
La planète sauvage;1973;72 min;Animation Sci-Fi;7.8;73;René Laloux;Barry Bostwick;25229;193817
The Day of the Jackal;1973;143 min;Crime Drama Thriller;7.8;80;Fred Zinnemann;Edward Fox;37445;16056255
Badlands;1973;94 min;Action Crime Drama;7.8;93;Terrence Malick;Martin Sheen;66009;
Cabaret;1972;124 min;Drama Music Musical;7.8;80;Bob Fosse;Liza Minnelli;48334;42765000
Willy Wonka & the Chocolate Factory;1971;100 min;Family Fantasy Musical;7.8;67;Mel Stuart;Gene Wilder;178731;4000000
Midnight Cowboy;1969;113 min;Drama;7.8;79;John Schlesinger;Dustin Hoffman;101124;44785053
Wait Until Dark;1967;108 min;Thriller;7.8;81;Terence Young;Audrey Hepburn;27733;17550741
Guess Who's Coming to Dinner;1967;108 min;Comedy Drama;7.8;63;Stanley Kramer;Spencer Tracy;39642;56700000
Bonnie and Clyde;1967;111 min;Action Biography Crime;7.8;86;Arthur Penn;Warren Beatty;102415;
My Fair Lady;1964;170 min;Drama Family Musical;7.8;95;George Cukor;Audrey Hepburn;86525;72000000
Mary Poppins;1964;139 min;Comedy Family Fantasy;7.8;88;Robert Stevenson;Julie Andrews;158029;102272727
The Longest Day;1962;178 min;Action Drama History;7.8;75;Ken Annakin;Andrew Marton;52141;39100000
Jules et Jim;1962;105 min;Drama Romance;7.8;97;François Truffaut;Jeanne Moreau;37605;
The Innocents;1961;100 min;Horror;7.8;88;Jack Clayton;Deborah Kerr;27007;2616000
À bout de souffle;1960;90 min;Crime Drama;7.8;;Jean-Luc Godard;Jean-Paul Belmondo;73251;336705
Red River;1948;133 min;Action Adventure Drama;7.8;;Howard Hawks;Arthur Rosson;28167;
Key Largo;1948;100 min;Action Crime Drama;7.8;;John Huston;Humphrey Bogart;36995;
To Have and Have Not;1944;100 min;Adventure Comedy Film-Noir;7.8;;Howard Hawks;Humphrey Bogart;31053;
Shadow of a Doubt;1943;108 min;Film-Noir Thriller;7.8;94;Alfred Hitchcock;Teresa Wright;59556;
Stagecoach;1939;96 min;Adventure Drama Western;7.8;93;John Ford;John Wayne;43621;
The Lady Vanishes;1938;96 min;Mystery Thriller;7.8;98;Alfred Hitchcock;Margaret Lockwood;47400;
Bringing Up Baby;1938;102 min;Comedy Family Romance;7.8;91;Howard Hawks;Katharine Hepburn;55163;
Bride of Frankenstein;1935;75 min;Drama Horror Sci-Fi;7.8;95;James Whale;Boris Karloff;43542;4360000
Duck Soup;1933;69 min;Comedy Musical War;7.8;93;Leo McCarey;Groucho Marx;55581;
Scarface: The Shame of the Nation;1932;93 min;Action Crime Drama;7.8;87;Howard Hawks;Richard Rosson;25312;
Frankenstein;1931;70 min;Drama Horror Sci-Fi;7.8;91;James Whale;Colin Clive;65341;
Roma;2018;135 min;Drama;7.7;96;Alfonso Cuarón;Yalitza Aparicio;140375;
God's Own Country;2017;104 min;Drama Romance;7.7;85;Francis Lee;Josh O'Connor;25198;335609
Deadpool 2;2018;119 min;Action Adventure Comedy;7.7;66;David Leitch;Ryan Reynolds;478586;324591735
Wind River;2017;107 min;Crime Drama Mystery;7.7;73;Taylor Sheridan;Kelsey Asbille;205444;33800859
Get Out;2017;104 min;Horror Mystery Thriller;7.7;85;Jordan Peele;Daniel Kaluuya;492851;176040665
Mission: Impossible - Fallout;2018;147 min;Action Adventure Thriller;7.7;86;Christopher McQuarrie;Tom Cruise;291257;220159104
En man som heter Ove;2015;116 min;Comedy Drama Romance;7.7;70;Hannes Holm;Rolf Lassgård;47444;3358518
What We Do in the Shadows;2014;86 min;Comedy Horror;7.7;76;Jemaine Clement;Taika Waititi;157498;3333000
Omoide no Mânî;2014;103 min;Animation Drama Family;7.7;72;James Simone;Hiromasa Yonebayashi;32798;765127
The Theory of Everything;2014;123 min;Biography Drama Romance;7.7;72;James Marsh;Eddie Redmayne;404182;35893537
Kingsman: The Secret Service;2014;129 min;Action Adventure Comedy;7.7;60;Matthew Vaughn;Colin Firth;590440;128261724
The Fault in Our Stars;2014;126 min;Drama Romance;7.7;69;Josh Boone;Shailene Woodley;344312;124872350
Me and Earl and the Dying Girl;2015;105 min;Comedy Drama;7.7;74;Alfonso Gomez-Rejon;Thomas Mann;123210;6743776
Birdman or (The Unexpected Virtue of Ignorance);2014;119 min;Comedy Drama;7.7;87;Alejandro G. Iñárritu;Michael Keaton;580291;42340598
La vie d'Adèle;2013;180 min;Drama Romance;7.7;89;Abdellatif Kechiche;Léa Seydoux;138741;2199675
Kai po che!;2013;130 min;Drama Sport;7.7;40;Abhishek Kapoor;Amit Sadh;32628;1122527
The Broken Circle Breakdown;2012;111 min;Drama Music Romance;7.7;70;Felix van Groeningen;Veerle Baetens;39379;175058
Captain America: The Winter Soldier;2014;136 min;Action Adventure Sci-Fi;7.7;70;Anthony Russo;Joe Russo;736182;259766572
Rockstar;2011;159 min;Drama Music Musical;7.7;;Imtiaz Ali;Ranbir Kapoor;39501;985912
Nebraska;2013;115 min;Adventure Comedy Drama;7.7;87;Alexander Payne;Bruce Dern;112298;17654912
Wreck-It Ralph;2012;101 min;Animation Adventure Comedy;7.7;72;Rich Moore;John C. Reilly;380195;189422889
Le Petit Prince;2015;108 min;Animation Adventure Drama;7.7;70;Mark Osborne;Jeff Bridges;56720;1339152
Detachment;2011;98 min;Drama;7.7;52;Tony Kaye;Adrien Brody;77071;71177
Midnight in Paris;2011;96 min;Comedy Fantasy Romance;7.7;81;Woody Allen;Owen Wilson;388089;56816662
The Lego Movie;2014;100 min;Animation Action Adventure;7.7;83;Christopher Miller;Phil Lord;323982;257760692
Gravity;2013;91 min;Drama Sci-Fi Thriller;7.7;96;Alfonso Cuarón;Sandra Bullock;769145;274092705
Star Trek Into Darkness;2013;132 min;Action Adventure Sci-Fi;7.7;72;J.J. Abrams;Chris Pine;463188;228778661
Beasts of No Nation;2015;137 min;Drama War;7.7;79;Cary Joji Fukunaga;Abraham Attah;73964;83861
The Social Network;2010;120 min;Biography Drama;7.7;95;David Fincher;Jesse Eisenberg;624982;96962694
X: First Class;2011;131 min;Action Adventure Sci-Fi;7.7;65;Matthew Vaughn;James McAvoy;645512;146408305
The Hangover;2009;100 min;Comedy;7.7;73;Todd Phillips;Zach Galifianakis;717559;277322503
Skyfall;2012;143 min;Action Adventure Thriller;7.7;81;Sam Mendes;Daniel Craig;630614;304360277
Silver Linings Playbook;2012;122 min;Comedy Drama Romance;7.7;81;David O. Russell;Bradley Cooper;661871;132092958
Argo;2012;120 min;Biography Drama Thriller;7.7;86;Ben Affleck;Ben Affleck;572581;136025503
(500) Days of Summer;2009;95 min;Comedy Drama Romance;7.7;76;Marc Webb;Zooey Deschanel;472242;32391374
Harry Potter and the Deathly Hallows: Part 1;2010;146 min;Adventure Family Fantasy;7.7;65;David Yates;Daniel Radcliffe;479120;295983305
Gake no ue no Ponyo;2008;101 min;Animation Adventure Comedy;7.7;86;Hayao Miyazaki;Cate Blanchett;125317;15090400
Frost/Nixon;2008;122 min;Biography Drama History;7.7;80;Ron Howard;Frank Langella;103330;18593156
Papurika;2006;90 min;Animation Drama Fantasy;7.7;81;Satoshi Kon;Megumi Hayashibara;71379;881302
Changeling;2008;141 min;Biography Crime Drama;7.7;63;Clint Eastwood;Angelina Jolie;239203;35739802
Flipped;2010;90 min;Comedy Drama Romance;7.7;45;Rob Reiner;Madeline Carroll;81446;1752214
Toki o kakeru shôjo;2006;98 min;Animation Adventure Comedy;7.7;;Mamoru Hosoda;Riisa Naka;60368;
Death Note: Desu nôto;2006;126 min;Crime Drama Fantasy;7.7;;Shûsuke Kaneko;Tatsuya Fujiwara;28630;
This Is England;2006;101 min;Crime Drama;7.7;86;Shane Meadows;Thomas Turgoose;115576;327919
Ex Machina;2014;108 min;Drama Sci-Fi Thriller;7.7;78;Alex Garland;Alicia Vikander;474141;25442958
Efter brylluppet;2006;120 min;Drama;7.7;78;Susanne Bier;Mads Mikkelsen;32001;412544
The Last King of Scotland;2006;123 min;Biography Drama History;7.7;74;Kevin Macdonald;James McAvoy;175355;17605861
Zodiac;2007;157 min;Crime Drama Mystery;7.7;78;David Fincher;Jake Gyllenhaal;466080;33080084
Lucky Number Slevin;2006;110 min;Action Crime Drama;7.7;53;Paul McGuigan;Josh Hartnett;299524;22494487
Joyeux Noël;2005;116 min;Drama History Music;7.7;70;Christian Carion;Diane Kruger;28003;1054361
Control;2007;122 min;Biography Drama Music;7.7;78;Anton Corbijn;Sam Riley;61609;871577
Tangled;2010;100 min;Animation Adventure Comedy;7.7;71;Nathan Greno;Byron Howard;405922;200821936
Zwartboek;2006;145 min;Drama Thriller War;7.7;71;Paul Verhoeven;Carice van Houten;72643;4398392
Brokeback Mountain;2005;134 min;Drama Romance;7.7;87;Ang Lee;Jake Gyllenhaal;323103;83043761
3:10 to Yuma;2007;122 min;Action Crime Drama;7.7;76;James Mangold;Russell Crowe;288797;53606916
Crash;2004;112 min;Crime Drama Thriller;7.7;66;Paul Haggis;Don Cheadle;419483;54580300
Kung fu;2004;99 min;Action Comedy Fantasy;7.7;78;Stephen Chow;Stephen Chow;127250;17108591
The Bourne Supremacy;2004;108 min;Action Mystery Thriller;7.7;73;Paul Greengrass;Matt Damon;434841;176241941
The Machinist;2004;101 min;Drama Thriller;7.7;61;Brad Anderson;Christian Bale;358432;1082715
Ray;2004;152 min;Biography Drama Music;7.7;73;Taylor Hackford;Jamie Foxx;138356;75331600
Lost in Translation;2003;102 min;Comedy Drama;7.7;89;Sofia Coppola;Bill Murray;415074;44585453
Harry Potter and the Goblet of Fire;2005;157 min;Adventure Family Fantasy;7.7;81;Mike Newell;Daniel Radcliffe;548619;290013036
Man on Fire;2004;146 min;Action Crime Drama;7.7;47;Tony Scott;Denzel Washington;329592;77911774
Coraline;2009;100 min;Animation Drama Family;7.7;80;Henry Selick;Dakota Fanning;197761;75286229
The Last Samurai;2003;154 min;Action Drama;7.7;55;Edward Zwick;Tom Cruise;400049;111110575
The Magdalene Sisters;2002;114 min;Drama;7.7;83;Peter Mullan;Eileen Walsh;25938;4890878
Good Bye Lenin!;2003;121 min;Comedy Drama Romance;7.7;68;Wolfgang Becker;Daniel Brühl;137981;4064200
In America;2002;105 min;Drama;7.7;76;Jim Sheridan;Paddy Considine;40403;15539266
I Am Sam;2001;132 min;Drama;7.7;28;Jessie Nelson;Sean Penn;142863;40311852
Adaptation.;2002;115 min;Comedy Drama;7.7;83;Spike Jonze;Nicolas Cage;178565;22245861
Black Hawk Down;2001;144 min;Drama History War;7.7;74;Ridley Scott;Josh Hartnett;364254;108638745
Road to Perdition;2002;117 min;Crime Drama Thriller;7.7;72;Sam Mendes;Tom Hanks;246840;104454762
Das Experiment;2001;120 min;Drama Thriller;7.7;60;Oliver Hirschbiegel;Moritz Bleibtreu;90842;141072
Billy Elliot;2000;110 min;Drama Music;7.7;74;Stephen Daldry;Jamie Bell;126770;21995263
Hedwig and the Angry Inch;2001;95 min;Comedy Drama Music;7.7;85;John Cameron Mitchell;John Cameron Mitchell;31957;3029081
Ocean's Eleven;2001;116 min;Crime Thriller;7.7;74;Steven Soderbergh;George Clooney;516372;183417150
Vampire Hunter D: Bloodlust;2000;103 min;Animation Action Fantasy;7.7;62;Yoshiaki Kawajiri;Andrew Philpot;29210;151086
O Brother Where Art Thou?;2000;107 min;Adventure Comedy Crime;7.7;69;Joel Coen;Ethan Coen;286742;45512588
Interstate 60: Episodes of the Road;2002;116 min;Adventure Comedy Drama;7.7;;Bob Gale;James Marsden;29999;
South Park: Bigger Longer & Uncut;1999;81 min;Animation Comedy Fantasy;7.7;73;Trey Parker;Trey Parker;192112;52037603
Office Space;1999;89 min;Comedy;7.7;68;Mike Judge;Ron Livingston;241575;10824921
Happiness;1998;134 min;Comedy Drama;7.7;81;Todd Solondz;Jane Adams;66408;2807390
Training Day;2001;122 min;Crime Drama Thriller;7.7;69;Antoine Fuqua;Denzel Washington;390247;76631907
Rushmore;1998;93 min;Comedy Drama Romance;7.7;86;Wes Anderson;Jason Schwartzman;169229;17105219
Abre los ojos;1997;119 min;Drama Mystery Sci-Fi;7.7;;Alejandro Amenábar;Eduardo Noriega;64082;368234
Being John Malkovich;1999;113 min;Comedy Drama Fantasy;7.7;90;Spike Jonze;John Cusack;312542;22858926
As Good as It Gets;1997;139 min;Comedy Drama Romance;7.7;67;James L. Brooks;Jack Nicholson;275755;148478011
The Fifth Element;1997;126 min;Action Adventure Sci-Fi;7.7;52;Luc Besson;Bruce Willis;434125;63540020
Le dîner de cons;1998;80 min;Comedy;7.7;73;Francis Veber;Thierry Lhermitte;37424;4065116
Donnie Brasco;1997;127 min;Biography Crime Drama;7.7;76;Mike Newell;Al Pacino;279318;41909762
Shine;1996;105 min;Biography Drama Music;7.7;87;Scott Hicks;Geoffrey Rush;51350;35811509
Primal Fear;1996;129 min;Crime Drama Mystery;7.7;47;Gregory Hoblit;Richard Gere;189716;56116183
Hamlet;1996;242 min;Drama;7.7;;Kenneth Branagh;Kenneth Branagh;35991;4414535
A Little Princess;1995;97 min;Drama Family Fantasy;7.7;83;Alfonso Cuarón;Liesel Matthews;32236;10019307
Do lok tin si;1995;99 min;Comedy Crime Drama;7.7;71;Kar-Wai Wong;Leon Lai;26429;
Il postino;1994;108 min;Biography Comedy Drama;7.7;81;Michael Radford;Massimo Troisi;33600;21848932
Clerks;1994;92 min;Comedy;7.7;70;Kevin Smith;Brian O'Halloran;211450;3151130
Short Cuts;1993;188 min;Comedy Drama;7.7;79;Robert Altman;Andie MacDowell;42275;6110979
Philadelphia;1993;125 min;Drama;7.7;66;Jonathan Demme;Tom Hanks;224169;77324422
The Muppet Christmas Carol;1992;85 min;Comedy Drama Family;7.7;64;Brian Henson;Michael Caine;50298;27281507
Malcolm X;1992;202 min;Biography Drama History;7.7;73;Spike Lee;Denzel Washington;85819;48169908
The Last of the Mohicans;1992;112 min;Action Adventure Drama;7.7;76;Michael Mann;Daniel Day-Lewis;150409;75505856
Kurenai no buta;1992;94 min;Animation Adventure Comedy;7.7;83;Hayao Miyazaki;Shûichirô Moriyama;77798;
Glengarry Glen Ross;1992;100 min;Crime Drama Mystery;7.7;82;James Foley;Al Pacino;95826;10725228
A Few Good Men;1992;138 min;Drama Thriller;7.7;62;Rob Reiner;Tom Cruise;235388;141340178
Fried Green Tomatoes;1991;130 min;Drama;7.7;64;Jon Avnet;Kathy Bates;66941;82418501
Barton Fink;1991;116 min;Comedy Drama Thriller;7.7;69;Joel Coen;Ethan Coen;113240;6153939
Miller's Crossing;1990;115 min;Crime Drama Thriller;7.7;66;Joel Coen;Ethan Coen;125822;5080409
Who Framed Roger Rabbit;1988;104 min;Animation Adventure Comedy;7.7;83;Robert Zemeckis;Bob Hoskins;182009;156452370
Spoorloos;1988;107 min;Mystery Thriller;7.7;;George Sluizer;Bernard-Pierre Donnadieu;33982;
Withnail & I;1987;107 min;Comedy Drama;7.7;84;Bruce Robinson;Richard E. Grant;40396;1544889
The Last Emperor;1987;163 min;Biography Drama History;7.7;76;Bernardo Bertolucci;John Lone;94326;43984230
Empire of the Sun;1987;153 min;Action Drama History;7.7;62;Steven Spielberg;Christian Bale;115677;22238696
Der Name der Rose;1986;130 min;Crime Drama Mystery;7.7;54;Jean-Jacques Annaud;Sean Connery;102031;7153487
Blue Velvet;1986;120 min;Drama Mystery Thriller;7.7;76;David Lynch;Isabella Rossellini;181285;8551228
The Purple Rose of Cairo;1985;82 min;Comedy Fantasy Romance;7.7;75;Woody Allen;Mia Farrow;47102;10631333
After Hours;1985;97 min;Comedy Crime Drama;7.7;90;Martin Scorsese;Griffin Dunne;59635;10600000
Zelig;1983;79 min;Comedy;7.7;;Woody Allen;Woody Allen;39881;11798616
The Verdict;1982;129 min;Drama;7.7;77;Sidney Lumet;Paul Newman;36096;54000000
Star Trek II: The Wrath of Khan;1982;113 min;Action Adventure Sci-Fi;7.7;67;Nicholas Meyer;William Shatner;112704;78912963
First Blood;1982;93 min;Action Adventure;7.7;61;Ted Kotcheff;Sylvester Stallone;226541;47212904
Ordinary People;1980;124 min;Drama;7.7;86;Robert Redford;Donald Sutherland;47099;54800000
Airplane!;1980;88 min;Comedy;7.7;78;Jim Abrahams;David Zucker;214882;83400000
Rupan sansei: Kariosutoro no shiro;1979;100 min;Animation Adventure Family;7.7;71;Hayao Miyazaki;Yasuo Yamada;27014;
Halloween;1978;91 min;Horror Thriller;7.7;87;John Carpenter;Donald Pleasence;233106;47000000
Le locataire;1976;126 min;Drama Thriller;7.7;71;Roman Polanski;Roman Polanski;39889;1924733
Love and Death;1975;85 min;Comedy War;7.7;89;Woody Allen;Woody Allen;36037;
The Taking of Pelham One Two Three;1974;104 min;Action Crime Thriller;7.7;68;Joseph Sargent;Walter Matthau;26729;
Blazing Saddles;1974;93 min;Comedy Western;7.7;73;Mel Brooks;Cleavon Little;125993;119500000
Serpico;1973;130 min;Biography Crime Drama;7.7;87;Sidney Lumet;Al Pacino;109941;29800000
Enter the Dragon;1973;102 min;Action Crime Drama;7.7;83;Robert Clouse;Bruce Lee;96561;25000000
Deliverance;1972;109 min;Adventure Drama Thriller;7.7;80;John Boorman;Jon Voight;98740;7056013
The French Connection;1971;104 min;Action Crime Drama;7.7;94;William Friedkin;Gene Hackman;110075;15630710
Dirty Harry;1971;102 min;Action Crime Thriller;7.7;90;Don Siegel;Clint Eastwood;143292;35900000
Where Eagles Dare;1968;158 min;Action Adventure War;7.7;63;Brian G. Hutton;Richard Burton;51913;
The Odd Couple;1968;105 min;Comedy;7.7;86;Gene Saks;Jack Lemmon;31572;44527234
The Dirty Dozen;1967;150 min;Action Adventure War;7.7;73;Robert Aldrich;Lee Marvin;67183;45300000
Belle de jour;1967;100 min;Drama Romance;7.7;;Luis Buñuel;Catherine Deneuve;40274;26331
A Man for All Seasons;1966;120 min;Biography Drama History;7.7;72;Fred Zinnemann;Paul Scofield;31222;28350000
Repulsion;1965;105 min;Drama Horror Thriller;7.7;91;Roman Polanski;Catherine Deneuve;48883;
Zulu;1964;138 min;Drama History War;7.7;77;Cy Endfield;Stanley Baker;35999;
Goldfinger;1964;110 min;Action Adventure Thriller;7.7;87;Guy Hamilton;Sean Connery;174119;51081062
The Birds;1963;119 min;Drama Horror Mystery;7.7;90;Alfred Hitchcock;Rod Taylor;171739;11403529
Cape Fear;1962;106 min;Drama Thriller;7.7;76;J. Lee Thompson;Gregory Peck;26457;
Peeping Tom;1960;101 min;Drama Horror Thriller;7.7;;Michael Powell;Karlheinz Böhm;31354;83957
The Magnificent Seven;1960;128 min;Action Adventure Western;7.7;74;John Sturges;Yul Brynner;87719;4905000
Les yeux sans visage;1960;90 min;Drama Horror;7.7;90;Georges Franju;Pierre Brasseur;27620;52709
Invasion of the Body Snatchers;1956;80 min;Drama Horror Sci-Fi;7.7;92;Don Siegel;Kevin McCarthy;44839;
Rebel Without a Cause;1955;111 min;Drama;7.7;89;Nicholas Ray;James Dean;83363;
The Ladykillers;1955;91 min;Comedy Crime;7.7;91;Alexander Mackendrick;Alec Guinness;26464;
Sabrina;1954;113 min;Comedy Drama Romance;7.7;72;Billy Wilder;Humphrey Bogart;59415;
The Quiet Man;1952;129 min;Comedy Drama Romance;7.7;;John Ford;John Wayne;34677;10550000
The Day the Earth Stood Still;1951;92 min;Drama Sci-Fi;7.7;;Robert Wise;Michael Rennie;76315;
The African Queen;1951;105 min;Adventure Drama Romance;7.7;91;John Huston;Humphrey Bogart;71481;536118
Gilda;1946;110 min;Drama Film-Noir Romance;7.7;;Charles Vidor;Rita Hayworth;27991;
Fantasia;1940;125 min;Animation Family Fantasy;7.7;96;James Algar;Samuel Armstrong;88662;76408097
The Invisible Man;1933;71 min;Horror Sci-Fi;7.7;87;James Whale;Claude Rains;30683;
Dark Waters;2019;126 min;Biography Drama History;7.6;73;Todd Haynes;Mark Ruffalo;60408;
Searching;2018;102 min;Drama Mystery Thriller;7.6;71;Aneesh Chaganty;John Cho;140840;26020957
Once Upon a Time... in Hollywood;2019;161 min;Comedy Drama;7.6;83;Quentin Tarantino;Leonardo DiCaprio;551309;142502728
Nelyubov;2017;127 min;Drama;7.6;86;Andrey Zvyagintsev;Maryana Spivak;29765;566356
The Florida Project;2017;111 min;Drama;7.6;92;Sean Baker;Brooklynn Prince;95181;5904366
Just Mercy;2019;137 min;Biography Crime Drama;7.6;68;Destin Daniel Cretton;Michael B. Jordan;46739;
Gifted;2017;101 min;Drama;7.6;60;Marc Webb;Chris Evans;99643;24801212
The Peanut Butter Falcon;2019;97 min;Adventure Comedy Drama;7.6;70;Tyler Nilson;Michael Schwartz;66346;13122642
Victoria;2015;138 min;Crime Drama Romance;7.6;77;Sebastian Schipper;Laia Costa;52903;
Mustang;2015;97 min;Drama;7.6;83;Deniz Gamze Ergüven;Günes Sensoy;35785;845464
Guardians of the Galaxy Vol. 2;2017;136 min;Action Adventure Comedy;7.6;67;James Gunn;Chris Pratt;569974;389813101
Baby Driver;2017;113 min;Action Crime Drama;7.6;86;Edgar Wright;Ansel Elgort;439406;107825862
Only the Brave;2017;134 min;Action Biography Drama;7.6;72;Joseph Kosinski;Josh Brolin;58371;18340051
Bridge of Spies;2015;142 min;Drama History Thriller;7.6;81;Steven Spielberg;Tom Hanks;287659;72313754
Incredibles 2;2018;118 min;Animation Action Adventure;7.6;80;Brad Bird;Craig T. Nelson;250057;608581744
Moana;2016;107 min;Animation Adventure Comedy;7.6;81;Ron Clements;John Musker;272784;248757044
Sicario;2015;121 min;Action Crime Drama;7.6;82;Denis Villeneuve;Emily Blunt;371291;46889293
Creed;2015;133 min;Drama Sport;7.6;82;Ryan Coogler;Michael B. Jordan;247666;109767581
Leviafan;2014;140 min;Crime Drama;7.6;92;Andrey Zvyagintsev;Aleksey Serebryakov;49397;1092800
Hell or High Water;2016;102 min;Action Crime Drama;7.6;88;David Mackenzie;Chris Pine;204175;26862450
Philomena;2013;98 min;Biography Comedy Drama;7.6;77;Stephen Frears;Judi Dench;94212;37707719
Dawn of the Planet of the Apes;2014;130 min;Action Adventure Drama;7.6;79;Matt Reeves;Gary Oldman;411599;208545589
El cuerpo;2012;112 min;Mystery Thriller;7.6;;Oriol Paulo;Jose Coronado;57549;
Serbuan maut;2011;101 min;Action Thriller;7.6;73;Gareth Evans;Iko Uwais;190531;4105123
End of Watch;2012;109 min;Action Crime Drama;7.6;68;David Ayer;Jake Gyllenhaal;228132;41003371
Kari-gurashi no Arietti;2010;94 min;Animation Adventure Family;7.6;80;Hiromasa Yonebayashi;Amy Poehler;80939;19202743
A Star Is Born;2018;136 min;Drama Music Romance;7.6;88;Bradley Cooper;Lady Gaga;334312;215288866
True Grit;2010;110 min;Drama Western;7.6;80;Ethan Coen;Joel Coen;311822;171243005
Hævnen;2010;118 min;Drama Romance;7.6;65;Susanne Bier;Mikael Persbrandt;38491;1008098
Despicable Me;2010;95 min;Animation Comedy Crime;7.6;72;Pierre Coffin;Chris Renaud;500851;251513985
50/50;2011;100 min;Comedy Drama Romance;7.6;72;Jonathan Levine;Joseph Gordon-Levitt;315426;35014192
Kick-Ass;2010;117 min;Action Comedy Crime;7.6;66;Matthew Vaughn;Aaron Taylor-Johnson;524081;48071303
Celda 211;2009;113 min;Action Adventure Crime;7.6;;Daniel Monzón;Luis Tosar;63882;
Moneyball;2011;133 min;Biography Drama Sport;7.6;87;Bennett Miller;Brad Pitt;369529;75605492
La piel que habito;2011;120 min;Drama Horror Thriller;7.6;70;Pedro Almodóvar;Antonio Banderas;138959;3185812
Zombieland;2009;88 min;Adventure Comedy Fantasy;7.6;73;Ruben Fleischer;Jesse Eisenberg;520041;75590286
Die Welle;2008;107 min;Drama Thriller;7.6;;Dennis Gansel;Jürgen Vogel;102742;
Sherlock Holmes;2009;128 min;Action Adventure Mystery;7.6;57;Guy Ritchie;Robert Downey Jr.;583158;209028679
The Blind Side;2009;129 min;Biography Drama Sport;7.6;53;John Lee Hancock;Quinton Aaron;293266;255959475
The Visitor;2007;104 min;Drama;7.6;79;Tom McCarthy;Richard Jenkins;41544;9422422
Seven Pounds;2008;123 min;Drama;7.6;36;Gabriele Muccino;Will Smith;286770;69951824
Eastern Promises;2007;100 min;Action Crime Drama;7.6;82;David Cronenberg;Naomi Watts;227760;17114882
Stardust;2007;127 min;Adventure Family Fantasy;7.6;66;Matthew Vaughn;Charlie Cox;255036;38634938
The Secret of Kells;2009;71 min;Animation Adventure Family;7.6;81;Tomm Moore;Nora Twomey;31779;686383
Inside Man;2006;129 min;Crime Drama Mystery;7.6;76;Spike Lee;Denzel Washington;339757;88513495
Gone Baby Gone;2007;114 min;Crime Drama Mystery;7.6;72;Ben Affleck;Morgan Freeman;250590;20300218
La Vie En Rose;2007;140 min;Biography Drama Music;7.6;66;Olivier Dahan;Marion Cotillard;82781;10301706
Huo Yuan Jia;2006;104 min;Action Biography Drama;7.6;70;Ronny Yu;Jet Li;72863;24633730
The Illusionist;2006;110 min;Drama Fantasy Mystery;7.6;68;Neil Burger;Edward Norton;354728;39868642
Dead Man's Shoes;2004;90 min;Crime Drama Thriller;7.6;52;Shane Meadows;Paddy Considine;49728;6013
Harry Potter and the Half-Blood Prince;2009;153 min;Action Adventure Family;7.6;78;David Yates;Daniel Radcliffe;474827;301959197
300;2006;117 min;Action Drama;7.6;52;Zack Snyder;Gerard Butler;732876;210614939
Match Point;2005;124 min;Drama Romance Thriller;7.6;72;Woody Allen;Scarlett Johansson;206294;23089926
Watchmen;2009;162 min;Action Drama Mystery;7.6;56;Zack Snyder;Jackie Earle Haley;500799;107509799
Lord of War;2005;122 min;Action Crime Drama;7.6;62;Andrew Niccol;Nicolas Cage;294140;24149632
Saw;2004;103 min;Horror Mystery Thriller;7.6;46;James Wan;Cary Elwes;379020;56000369
Synecdoche New York;2008;124 min;Drama;7.6;67;Charlie Kaufman;Philip Seymour Hoffman;83158;3081925
Mysterious Skin;2004;105 min;Drama;7.6;73;Gregg Araki;Brady Corbet;65939;697181
Jeux d'enfants;2003;93 min;Comedy Drama Romance;7.6;45;Yann Samuell;Guillaume Canet;67360;548707
Un long dimanche de fiançailles;2004;133 min;Drama Mystery Romance;7.6;76;Jean-Pierre Jeunet;Audrey Tautou;70925;6167817
The Station Agent;2003;89 min;Comedy Drama;7.6;81;Tom McCarthy;Peter Dinklage;67370;5739376
21 Grams;2003;124 min;Crime Drama Thriller;7.6;70;Alejandro G. Iñárritu;Sean Penn;224545;16290476
Boksuneun naui geot;2002;129 min;Crime Drama Thriller;7.6;56;Chan-wook Park;Kang-ho Song;62659;45289
Finding Neverland;2004;106 min;Biography Drama Family;7.6;67;Marc Forster;Johnny Depp;198677;51680613
25th Hour;2002;135 min;Drama;7.6;68;Spike Lee;Edward Norton;169708;13060843
The Butterfly Effect;2004;113 min;Drama Sci-Fi Thriller;7.6;30;Eric Bress;J. Mackye Gruber;451479;57938693
28 Days Later...;2002;113 min;Drama Horror Sci-Fi;7.6;73;Danny Boyle;Cillian Murphy;376853;45064915
Batoru rowaiaru;2000;114 min;Action Adventure Drama;7.6;81;Kinji Fukasaku;Tatsuya Fujiwara;169091;
The Royal Tenenbaums;2001;110 min;Comedy Drama;7.6;76;Wes Anderson;Gene Hackman;266842;52364010
Y tu mamá también;2001;106 min;Drama;7.6;88;Alfonso Cuarón;Maribel Verdú;115827;13622333
Harry Potter and the Sorcerer's Stone;2001;152 min;Adventure Family Fantasy;7.6;64;Chris Columbus;Daniel Radcliffe;658185;317575550
The Others;2001;101 min;Horror Mystery Thriller;7.6;74;Alejandro Amenábar;Nicole Kidman;337651;96522687
Blow;2001;124 min;Biography Crime Drama;7.6;52;Ted Demme;Johnny Depp;240714;52990775
Enemy at the Gates;2001;131 min;Drama History War;7.6;53;Jean-Jacques Annaud;Jude Law;243729;51401758
Minority Report;2002;145 min;Action Crime Mystery;7.6;80;Steven Spielberg;Tom Cruise;508417;132072926
The Hurricane;1999;146 min;Biography Drama Sport;7.6;74;Norman Jewison;Denzel Washington;91557;50668906
American Psycho;2000;101 min;Comedy Crime Drama;7.6;64;Mary Harron;Christian Bale;490062;15070285
Lola rennt;1998;81 min;Crime Drama Thriller;7.6;77;Tom Tykwer;Franka Potente;188317;7267585
The Thin Red Line;1998;170 min;Drama War;7.6;78;Terrence Malick;Jim Caviezel;172710;36400491
Mulan;1998;88 min;Animation Adventure Family;7.6;71;Tony Bancroft;Barry Cook;256906;120620254
Fear and Loathing in Las Vegas;1998;118 min;Adventure Comedy Drama;7.6;41;Terry Gilliam;Johnny Depp;259753;10680275
Funny Games;1997;108 min;Crime Drama Thriller;7.6;69;Michael Haneke;Susanne Lothar;65058;
Dark City;1998;100 min;Mystery Sci-Fi Thriller;7.6;66;Alex Proyas;Rufus Sewell;187927;14378331
Sleepers;1996;147 min;Crime Drama Thriller;7.6;49;Barry Levinson;Robert De Niro;186734;49100000
Lost Highway;1997;134 min;Mystery Thriller;7.6;52;David Lynch;Bill Pullman;131101;3796699
Sense and Sensibility;1995;136 min;Drama Romance;7.6;84;Ang Lee;Emma Thompson;102598;43182776
Die Hard: With a Vengeance;1995;128 min;Action Adventure Thriller;7.6;58;John McTiernan;Bruce Willis;364420;100012499
Dead Man;1995;121 min;Adventure Drama Fantasy;7.6;62;Jim Jarmusch;Johnny Depp;90442;1037847
The Bridges of Madison County;1995;135 min;Drama Romance;7.6;69;Clint Eastwood;Clint Eastwood;73172;71516617
Apollo 13;PG;140 min;Adventure Drama History;7.6;77;Ron Howard;Tom Hanks;269197;173837933
Trois couleurs: Blanc;1994;92 min;Comedy Drama Romance;7.6;88;Krzysztof Kieslowski;Zbigniew Zamachowski;64390;1464625
Falling Down;1993;113 min;Action Crime Drama;7.6;56;Joel Schumacher;Michael Douglas;171640;40903593
Dazed and Confused;1993;102 min;Comedy;7.6;78;Richard Linklater;Jason London;165465;7993039
My Cousin Vinny;1992;120 min;Comedy Crime;7.6;68;Jonathan Lynn;Joe Pesci;107325;52929168
Omohide poro poro;1991;118 min;Animation Drama Romance;7.6;90;Isao Takahata;Miki Imai;27071;453243
Delicatessen;1991;99 min;Comedy Crime;7.6;66;Marc Caro;Jean-Pierre Jeunet;80487;1794187
Home Alone;1990;103 min;Comedy Family;7.6;63;Chris Columbus;Macaulay Culkin;488817;285761243
The Godfather: Part III;1990;162 min;Crime Drama;7.6;60;Francis Ford Coppola;Al Pacino;359809;66666062
When Harry Met Sally...;1989;95 min;Comedy Drama Romance;7.6;76;Rob Reiner;Billy Crystal;195663;92823600
The Little Mermaid;1989;83 min;Animation Family Fantasy;7.6;88;Ron Clements;John Musker;237696;111543479
The Naked Gun: From the Files of Police Squad!;1988;85 min;Comedy Crime;7.6;76;David Zucker;Leslie Nielsen;152871;78756177
Planes Trains & Automobiles;1987;93 min;Comedy Drama;7.6;72;John Hughes;Steve Martin;124773;49530280
Lethal Weapon;1987;109 min;Action Crime Thriller;7.6;68;Richard Donner;Mel Gibson;236894;65207127
Blood Simple;1984;99 min;Crime Drama Thriller;7.6;82;Joel Coen;Ethan Coen;87745;2150000
On Golden Pond;1981;109 min;Drama;7.6;68;Mark Rydell;Katharine Hepburn;27650;119285432
Mad Max 2;1981;96 min;Action Adventure Sci-Fi;7.6;77;George Miller;Mel Gibson;166588;12465371
The Warriors;1979;92 min;Action Crime Thriller;7.6;65;Walter Hill;Michael Beck;93878;22490039
The Muppet Movie;1979;95 min;Adventure Comedy Family;7.6;74;James Frawley;Jim Henson;32802;76657000
Escape from Alcatraz;1979;112 min;Action Biography Crime;7.6;76;Don Siegel;Clint Eastwood;121731;43000000
Watership Down;1978;91 min;Animation Adventure Drama;7.6;64;Martin Rosen;John Hubley;33656;
Midnight Express;1978;121 min;Biography Crime Drama;7.6;59;Alan Parker;Brad Davis;73662;35000000
Close Encounters of the Third Kind;1977;138 min;Drama Sci-Fi;7.6;90;Steven Spielberg;Richard Dreyfuss;184966;132088635
The Long Goodbye;1973;112 min;Comedy Crime Drama;7.6;87;Robert Altman;Elliott Gould;26337;959
Giù la testa;1971;157 min;Drama War Western;7.6;77;Sergio Leone;Rod Steiger;30144;69669
Kelly's Heroes;1970;144 min;Adventure Comedy War;7.6;50;Brian G. Hutton;Clint Eastwood;45338;1378435
The Jungle Book;1967;78 min;Animation Adventure Family;7.6;65;Wolfgang Reitherman;Phil Harris;166409;141843612
Blowup;1966;111 min;Drama Mystery Thriller;7.6;82;Michelangelo Antonioni;David Hemmings;56513;
A Hard Day's Night;1964;87 min;Comedy Music Musical;7.6;96;Richard Lester;John Lennon;40351;13780024
Breakfast at Tiffany's;1961;115 min;Comedy Drama Romance;7.6;76;Blake Edwards;Audrey Hepburn;166544;
Giant;1956;201 min;Drama Western;7.6;84;George Stevens;Elizabeth Taylor;34075;
From Here to Eternity;1953;118 min;Drama Romance War;7.6;85;Fred Zinnemann;Burt Lancaster;43374;30500000
Lifeboat;1944;97 min;Drama War;7.6;78;Alfred Hitchcock;Tallulah Bankhead;26471;
The 39 Steps;1935;86 min;Crime Mystery Thriller;7.6;93;Alfred Hitchcock;Robert Donat;51853;