Series_Title;Released_Year;Certificate;Runtime;Genre;IMDB_Rating;Overview;Meta_score;Director;Star1;Star2;Star3;Star4;No_of_Votes;Gross
The Shawshank Redemption;1994;A;142 min;Drama;9.3;Two imprisoned men bond over a number of years, finding solace and eventual redemption through acts of common decency.;80;Frank Darabont;Tim Robbins;Morgan Freeman;Bob Gunton;William Sadler;2343110;28,341,469
The Godfather;1972;A;175 min;Crime, Drama;9.2;An organized crime dynasty's aging patriarch transfers control of his clandestine empire to his reluctant son.;100;Francis Ford Coppola;Marlon Brando;Al Pacino;James Caan;Diane Keaton;1620367;134,966,411
The Dark Knight;2008;UA;152 min;Action, Crime, Drama;9;When the menace known as the Joker wreaks havoc and chaos on the people of Gotham, Batman must accept one of the greatest psychological and physical tests of his ability to fight injustice.;84;Christopher Nolan;Christian Bale;Heath Ledger;Aaron Eckhart;Michael Caine;2303232;534,858,444
The Godfather: Part II;1974;A;202 min;Crime, Drama;9;The early life and career of Vito Corleone in 1920s New York City is portrayed, while his son, Michael, expands and tightens his grip on the family crime syndicate.;90;Francis Ford Coppola;Al Pacino;Robert De Niro;Robert Duvall;Diane Keaton;1129952;57,300,000
12 Angry Men;1957;U;96 min;Crime, Drama;9;A jury holdout attempts to prevent a miscarriage of justice by forcing his colleagues to reconsider the evidence.;96;Sidney Lumet;Henry Fonda;Lee J. Cobb;Martin Balsam;John Fiedler;689845;4,360,000
The Lord of the Rings: The Return of the King;2003;U;201 min;Action, Adventure, Drama;8.9;Gandalf and Aragorn lead the World of Men against Sauron's army to draw his gaze from Frodo and Sam as they approach Mount Doom with the One Ring.;94;Peter Jackson;Elijah Wood;Viggo Mortensen;Ian McKellen;Orlando Bloom;1642758;377,845,905
Pulp Fiction;1994;A;154 min;Crime, Drama;8.9;The lives of two mob hitmen, a boxer, a gangster and his wife, and a pair of diner bandits intertwine in four tales of violence and redemption.;94;Quentin Tarantino;John Travolta;Uma Thurman;Samuel L. Jackson;Bruce Willis;1826188;107,928,762
Schindler's List;1993;A;195 min;Biography, Drama, History;8.9;In German-occupied Poland during World War II, industrialist Oskar Schindler gradually becomes concerned for his Jewish workforce after witnessing their persecution by the Nazis.;94;Steven Spielberg;Liam Neeson;Ralph Fiennes;Ben Kingsley;Caroline Goodall;1213505;96,898,818
Inception;2010;UA;148 min;Action, Adventure, Sci-Fi;8.8;A thief who steals corporate secrets through the use of dream-sharing technology is given the inverse task of planting an idea into the mind of a C.E.O.;74;Christopher Nolan;Leonardo DiCaprio;Joseph Gordon-Levitt;Elliot Page;Ken Watanabe;2067042;292,576,195
Fight Club;1999;A;139 min;Drama;8.8;An insomniac office worker and a devil-may-care soapmaker form an underground fight club that evolves into something much, much more.;66;David Fincher;Brad Pitt;Edward Norton;Meat Loaf;Zach Grenier;1854740;37,030,102
The Lord of the Rings: The Fellowship of the Ring;2001;U;178 min;Action, Adventure, Drama;8.8;A meek Hobbit from the Shire and eight companions set out on a journey to destroy the powerful One Ring and save Middle-earth from the Dark Lord Sauron.;92;Peter Jackson;Elijah Wood;Ian McKellen;Orlando Bloom;Sean Bean;1661481;315,544,750
Forrest Gump;1994;UA;142 min;Drama, Romance;8.8;The presidencies of Kennedy and Johnson, the events of Vietnam, Watergate and other historical events unfold through the perspective of an Alabama man with an IQ of 75, whose only desire is to be reunited with his childhood sweetheart.;82;Robert Zemeckis;Tom Hanks;Robin Wright;Gary Sinise;Sally Field;1809221;330,252,182
Il buono, il brutto, il cattivo;1966;A;161 min;Western;8.8;A bounty hunting scam joins two men in an uneasy alliance against a third in a race to find a fortune in gold buried in a remote cemetery.;90;Sergio Leone;Clint Eastwood;Eli Wallach;Lee Van Cleef;Aldo Giuffr√®;688390;6,100,000
The Lord of the Rings: The Two Towers;2002;UA;179 min;Action, Adventure, Drama;8.7;While Frodo and Sam edge closer to Mordor with the help of the shifty Gollum, the divided fellowship makes a stand against Sauron's new ally, Saruman, and his hordes of Isengard.;87;Peter Jackson;Elijah Wood;Ian McKellen;Viggo Mortensen;Orlando Bloom;1485555;342,551,365
The Matrix;1999;A;136 min;Action, Sci-Fi;8.7;When a beautiful stranger leads computer hacker Neo to a forbidding underworld, he discovers the shocking truth--the life he knows is the elaborate deception of an evil cyber-intelligence.;73;Lana Wachowski;Lilly Wachowski;Keanu Reeves;Laurence Fishburne;Carrie-Anne Moss;1676426;171,479,930
Goodfellas;1990;A;146 min;Biography, Crime, Drama;8.7;The story of Henry Hill and his life in the mob, covering his relationship with his wife Karen Hill and his mob partners Jimmy Conway and Tommy DeVito in the Italian-American crime syndicate.;90;Martin Scorsese;Robert De Niro;Ray Liotta;Joe Pesci;Lorraine Bracco;1020727;46,836,394
Star Wars: Episode V - The Empire Strikes Back;1980;UA;124 min;Action, Adventure, Fantasy;8.7;After the Rebels are brutally overpowered by the Empire on the ice planet Hoth, Luke Skywalker begins Jedi training with Yoda, while his friends are pursued by Darth Vader and a bounty hunter named Boba Fett all over the galaxy.;82;Irvin Kershner;Mark Hamill;Harrison Ford;Carrie Fisher;Billy Dee Williams;1159315;290,475,067
One Flew Over the Cuckoo's Nest;1975;A;133 min;Drama;8.7;A criminal pleads insanity and is admitted to a mental institution, where he rebels against the oppressive nurse and rallies up the scared patients.;83;Milos Forman;Jack Nicholson;Louise Fletcher;Michael Berryman;Peter Brocco;918088;112,000,000
Hamilton;2020;PG-13;160 min;Biography, Drama, History;8.6;The real life of one of America's foremost founding fathers and first Secretary of the Treasury, Alexander Hamilton. Captured live on Broadway from the Richard Rodgers Theater with the original Broadway cast.;90;Thomas Kail;Lin-Manuel Miranda;Phillipa Soo;Leslie Odom Jr.;Ren√©e Elise Goldsberry;55291;
Gisaengchung;2019;A;132 min;Comedy, Drama, Thriller;8.6;Greed and class discrimination threaten the newly formed symbiotic relationship between the wealthy Park family and the destitute Kim clan.;96;Bong Joon Ho;Kang-ho Song;Lee Sun-kyun;Cho Yeo-jeong;Choi Woo-sik;552778;53,367,844
Soorarai Pottru;2020;U;153 min;Drama;8.6;"Nedumaaran Rajangam ""Maara"" sets out to make the common man fly and in the process takes on the world's most capital intensive industry and several enemies who stand in his way.";;Sudha Kongara;Suriya;Madhavan;Paresh Rawal;Aparna Balamurali;54995;
Interstellar;2014;UA;169 min;Adventure, Drama, Sci-Fi;8.6;A team of explorers travel through a wormhole in space in an attempt to ensure humanity's survival.;74;Christopher Nolan;Matthew McConaughey;Anne Hathaway;Jessica Chastain;Mackenzie Foy;1512360;188,020,017
Cidade de Deus;2002;A;130 min;Crime, Drama;8.6;In the slums of Rio, two kids' paths diverge as one struggles to become a photographer and the other a kingpin.;79;Fernando Meirelles;K√°tia Lund;Alexandre Rodrigues;Leandro Firmino;Matheus Nachtergaele;699256;7,563,397
Sen to Chihiro no kamikakushi;2001;U;125 min;Animation, Adventure, Family;8.6;During her family's move to the suburbs, a sullen 10-year-old girl wanders into a world ruled by gods, witches, and spirits, and where humans are changed into beasts.;96;Hayao Miyazaki;Daveigh Chase;Suzanne Pleshette;Miyu Irino;Rumi Hiiragi;651376;10,055,859
Saving Private Ryan;1998;R;169 min;Drama, War;8.6;Following the Normandy Landings, a group of U.S. soldiers go behind enemy lines to retrieve a paratrooper whose brothers have been killed in action.;91;Steven Spielberg;Tom Hanks;Matt Damon;Tom Sizemore;Edward Burns;1235804;216,540,909
The Green Mile;1999;A;189 min;Crime, Drama, Fantasy;8.6;The lives of guards on Death Row are affected by one of their charges: a black man accused of child murder and rape, yet who has a mysterious gift.;61;Frank Darabont;Tom Hanks;Michael Clarke Duncan;David Morse;Bonnie Hunt;1147794;136,801,374
Se7en;1995;A;127 min;Crime, Drama, Mystery;8.6;Two detectives, a rookie and a veteran, hunt a serial killer who uses the seven deadly sins as his motives.;65;David Fincher;Morgan Freeman;Brad Pitt;Kevin Spacey;Andrew Kevin Walker;1445096;100,125,643
The Silence of the Lambs;1991;A;118 min;Crime, Drama, Thriller;8.6;A young F.B.I. cadet must receive the help of an incarcerated and manipulative cannibal killer to help catch another serial killer, a madman who skins his victims.;85;Jonathan Demme;Jodie Foster;Anthony Hopkins;Lawrence A. Bonney;Kasi Lemmons;1270197;130,742,922
Star Wars;1977;UA;121 min;Action, Adventure, Fantasy;8.6;Luke Skywalker joins forces with a Jedi Knight, a cocky pilot, a Wookiee and two droids to save the galaxy from the Empire's world-destroying battle station, while also attempting to rescue Princess Leia from the mysterious Darth Vader.;90;George Lucas;Mark Hamill;Harrison Ford;Carrie Fisher;Alec Guinness;1231473;322,740,140
Seppuku;1962;;133 min;Action, Drama, Mystery;8.6;When a ronin requesting seppuku at a feudal lord's palace is told of the brutal suicide of another ronin who previously visited, he reveals how their pasts are intertwined - and in doing so challenges the clan's integrity.;85;Masaki Kobayashi;Tatsuya Nakadai;Akira Ishihama;Shima Iwashita;Tetsur√¥ Tanba;42004;
Shichinin no samurai;1954;U;207 min;Action, Adventure, Drama;8.6;A poor village under attack by bandits recruits seven unemployed samurai to help them defend themselves.;98;Akira Kurosawa;Toshir√¥ Mifune;Takashi Shimura;Keiko Tsushima;Yukiko Shimazaki;315744;269,061
It's a Wonderful Life;1946;PG;130 min;Drama, Family, Fantasy;8.6;An angel is sent from Heaven to help a desperately frustrated businessman by showing him what life would have been like if he had never existed.;89;Frank Capra;James Stewart;Donna Reed;Lionel Barrymore;Thomas Mitchell;405801;
Joker;2019;A;122 min;Crime, Drama, Thriller;8.5;In Gotham City, mentally troubled comedian Arthur Fleck is disregarded and mistreated by society. He then embarks on a downward spiral of revolution and bloody crime. This path brings him face-to-face with his alter-ego: the Joker.;59;Todd Phillips;Joaquin Phoenix;Robert De Niro;Zazie Beetz;Frances Conroy;939252;335,451,311
Whiplash;2014;A;106 min;Drama, Music;8.5;A promising young drummer enrolls at a cut-throat music conservatory where his dreams of greatness are mentored by an instructor who will stop at nothing to realize a student's potential.;88;Damien Chazelle;Miles Teller;J.K. Simmons;Melissa Benoist;Paul Reiser;717585;13,092,000
The Intouchables;2011;UA;112 min;Biography, Comedy, Drama;8.5;After he becomes a quadriplegic from a paragliding accident, an aristocrat hires a young man from the projects to be his caregiver.;57;Olivier Nakache;√âric Toledano;Fran√ßois Cluzet;Omar Sy;Anne Le Ny;760360;13,182,281
The Prestige;2006;U;130 min;Drama, Mystery, Sci-Fi;8.5;After a tragic accident, two stage magicians engage in a battle to create the ultimate illusion while sacrificing everything they have to outwit each other.;66;Christopher Nolan;Christian Bale;Hugh Jackman;Scarlett Johansson;Michael Caine;1190259;53,089,891
The Departed;2006;A;151 min;Crime, Drama, Thriller;8.5;An undercover cop and a mole in the police attempt to identify each other while infiltrating an Irish gang in South Boston.;85;Martin Scorsese;Leonardo DiCaprio;Matt Damon;Jack Nicholson;Mark Wahlberg;1189773;132,384,315
The Pianist;2002;R;150 min;Biography, Drama, Music;8.5;A Polish Jewish musician struggles to survive the destruction of the Warsaw ghetto of World War II.;85;Roman Polanski;Adrien Brody;Thomas Kretschmann;Frank Finlay;Emilia Fox;729603;32,572,577
Gladiator;2000;UA;155 min;Action, Adventure, Drama;8.5;A former Roman General sets out to exact vengeance against the corrupt emperor who murdered his family and sent him into slavery.;67;Ridley Scott;Russell Crowe;Joaquin Phoenix;Connie Nielsen;Oliver Reed;1341460;187,705,427
American History X;1998;R;119 min;Drama;8.5;A former neo-nazi skinhead tries to prevent his younger brother from going down the same wrong path that he did.;62;Tony Kaye;Edward Norton;Edward Furlong;Beverly D'Angelo;Jennifer Lien;1034705;6,719,864
The Usual Suspects;1995;A;106 min;Crime, Mystery, Thriller;8.5;A sole survivor tells of the twisty events leading up to a horrific gun battle on a boat, which began when five criminals met at a seemingly random police lineup.;77;Bryan Singer;Kevin Spacey;Gabriel Byrne;Chazz Palminteri;Stephen Baldwin;991208;23,341,568
L√©on;1994;A;110 min;Action, Crime, Drama;8.5;Mathilda, a 12-year-old girl, is reluctantly taken in by L√©on, a professional assassin, after her family is murdered. An unusual relationship forms as she becomes his prot√©g√©e and learns the assassin's trade.;64;Luc Besson;Jean Reno;Gary Oldman;Natalie Portman;Danny Aiello;1035236;19,501,238
The Lion King;1994;U;88 min;Animation, Adventure, Drama;8.5;Lion prince Simba and his father are targeted by his bitter uncle, who wants to ascend the throne himself.;88;Roger Allers;Rob Minkoff;Matthew Broderick;Jeremy Irons;James Earl Jones;942045;422,783,777
Terminator 2: Judgment Day;1991;U;137 min;Action, Sci-Fi;8.5;A cyborg, identical to the one who failed to kill Sarah Connor, must now protect her teenage son, John Connor, from a more advanced and powerful cyborg.;75;James Cameron;Arnold Schwarzenegger;Linda Hamilton;Edward Furlong;Robert Patrick;995506;204,843,350
Nuovo Cinema Paradiso;1988;U;155 min;Drama, Romance;8.5;A filmmaker recalls his childhood when falling in love with the pictures at the cinema of his home village and forms a deep friendship with the cinema's projectionist.;80;Giuseppe Tornatore;Philippe Noiret;Enzo Cannavale;Antonella Attili;Isa Danieli;230763;11,990,401
Hotaru no haka;1988;U;89 min;Animation, Drama, War;8.5;A young boy and his little sister struggle to survive in Japan during World War II.;94;Isao Takahata;Tsutomu Tatsumi;Ayano Shiraishi;Akemi Yamaguchi;Yoshiko Shinohara;235231;
Back to the Future;1985;U;116 min;Adventure, Comedy, Sci-Fi;8.5;Marty McFly, a 17-year-old high school student, is accidentally sent thirty years into the past in a time-traveling DeLorean invented by his close friend, the eccentric scientist Doc Brown.;87;Robert Zemeckis;Michael J. Fox;Christopher Lloyd;Lea Thompson;Crispin Glover;1058081;210,609,762
Once Upon a Time in the West;1968;U;165 min;Western;8.5;A mysterious stranger with a harmonica joins forces with a notorious desperado to protect a beautiful widow from a ruthless assassin working for the railroad.;80;Sergio Leone;Henry Fonda;Charles Bronson;Claudia Cardinale;Jason Robards;302844;5,321,508
Psycho;1960;A;109 min;Horror, Mystery, Thriller;8.5;A Phoenix secretary embezzles $40,000 from her employer's client, goes on the run, and checks into a remote motel run by a young man under the domination of his mother.;97;Alfred Hitchcock;Anthony Perkins;Janet Leigh;Vera Miles;John Gavin;604211;32,000,000
Casablanca;1942;U;102 min;Drama, Romance, War;8.5;A cynical expatriate American cafe owner struggles to decide whether or not to help his former lover and her fugitive husband escape the Nazis in French Morocco.;100;Michael Curtiz;Humphrey Bogart;Ingrid Bergman;Paul Henreid;Claude Rains;522093;1,024,560
Modern Times;1936;G;87 min;Comedy, Drama, Family;8.5;The Tramp struggles to live in modern industrial society with the help of a young homeless woman.;96;Charles Chaplin;Charles Chaplin;Paulette Goddard;Henry Bergman;Tiny Sandford;217881;163,245
City Lights;1931;G;87 min;Comedy, Drama, Romance;8.5;With the aid of a wealthy erratic tippler, a dewy-eyed tramp who has fallen in love with a sightless flower girl accumulates money to be able to help her medically.;99;Charles Chaplin;Charles Chaplin;Virginia Cherrill;Florence Lee;Harry Myers;167839;19,181
Capharna√ºm;2018;A;126 min;Drama;8.4;While serving a five-year sentence for a violent crime, a 12-year-old boy sues his parents for neglect.;75;Nadine Labaki;Zain Al Rafeea;Yordanos Shiferaw;Boluwatife Treasure Bankole;Kawsar Al Haddad;62635;1,661,096
Ayla: The Daughter of War;2017;;125 min;Biography, Drama, History;8.4;In 1950, amid-st the ravages of the Korean War, Sergeant S√ºleyman stumbles upon a half-frozen little girl, with no parents and no help in sight. Frantic, scared and on the verge of death, ...                See full summary¬†¬ª;;Can Ulkay;Erdem Can;√áetin Tekindor;Ismail Hacioglu;Kyung-jin Lee;34112;
Vikram Vedha;2017;UA;147 min;Action, Crime, Drama;8.4;Vikram, a no-nonsense police officer, accompanied by Simon, his partner, is on the hunt to capture Vedha, a smuggler and a murderer. Vedha tries to change Vikram's life, which leads to a conflict.;;Gayatri;Pushkar;Madhavan;Vijay Sethupathi;Shraddha Srinath;28401;
Kimi no na wa.;2016;U;106 min;Animation, Drama, Fantasy;8.4;Two strangers find themselves linked in a bizarre way. When a connection forms, will distance be the only thing to keep them apart?;79;Makoto Shinkai;Ry√ªnosuke Kamiki;Mone Kamishiraishi;Ry√¥ Narita;Aoi Y√ªki;194838;5,017,246
Dangal;2016;U;161 min;Action, Biography, Drama;8.4;Former wrestler Mahavir Singh Phogat and his two wrestler daughters struggle towards glory at the Commonwealth Games in the face of societal oppression.;;Nitesh Tiwari;Aamir Khan;Sakshi Tanwar;Fatima Sana Shaikh;Sanya Malhotra;156479;12,391,761
Spider-Man: Into the Spider-Verse;2018;U;117 min;Animation, Action, Adventure;8.4;Teen Miles Morales becomes the Spider-Man of his universe, and must join with five spider-powered individuals from other dimensions to stop a threat for all realities.;87;Bob Persichetti;Peter Ramsey;Rodney Rothman;Shameik Moore;Jake Johnson;375110;190,241,310
Avengers: Endgame;2019;UA;181 min;Action, Adventure, Drama;8.4;After the devastating events of Avengers: Infinity War (2018), the universe is in ruins. With the help of remaining allies, the Avengers assemble once more in order to reverse Thanos' actions and restore balance to the universe.;78;Anthony Russo;Joe Russo;Robert Downey Jr.;Chris Evans;Mark Ruffalo;809955;858,373,000
Avengers: Infinity War;2018;UA;149 min;Action, Adventure, Sci-Fi;8.4;The Avengers and their allies must be willing to sacrifice all in an attempt to defeat the powerful Thanos before his blitz of devastation and ruin puts an end to the universe.;68;Anthony Russo;Joe Russo;Robert Downey Jr.;Chris Hemsworth;Mark Ruffalo;834477;678,815,482
Coco;2017;U;105 min;Animation, Adventure, Family;8.4;Aspiring musician Miguel, confronted with his family's ancestral ban on music, enters the Land of the Dead to find his great-great-grandfather, a legendary singer.;81;Lee Unkrich;Adrian Molina;Anthony Gonzalez;Gael Garc√≠a Bernal;Benjamin Bratt;384171;209,726,015
Django Unchained;2012;A;165 min;Drama, Western;8.4;With the help of a German bounty hunter, a freed slave sets out to rescue his wife from a brutal Mississippi plantation owner.;81;Quentin Tarantino;Jamie Foxx;Christoph Waltz;Leonardo DiCaprio;Kerry Washington;1357682;162,805,434
The Dark Knight Rises;2012;UA;164 min;Action, Adventure;8.4;Eight years after the Joker's reign of anarchy, Batman, with the help of the enigmatic Catwoman, is forced from his exile to save Gotham City from the brutal guerrilla terrorist Bane.;78;Christopher Nolan;Christian Bale;Tom Hardy;Anne Hathaway;Gary Oldman;1516346;448,139,099
3 Idiots;2009;UA;170 min;Comedy, Drama;8.4;"Two friends are searching for their long lost companion. They revisit their college days and recall the memories of their friend who inspired them to think differently, even as the rest of the world called them ""idiots"".";67;Rajkumar Hirani;Aamir Khan;Madhavan;Mona Singh;Sharman Joshi;344445;6,532,908
Taare Zameen Par;2007;U;165 min;Drama, Family;8.4;An eight-year-old boy is thought to be a lazy trouble-maker, until the new art teacher has the patience and compassion to discover the real problem behind his struggles in school.;;Aamir Khan;Amole Gupte;Darsheel Safary;Aamir Khan;Tisca Chopra;168895;1,223,869
WALL¬∑E;2008;U;98 min;Animation, Adventure, Family;8.4;In the distant future, a small waste-collecting robot inadvertently embarks on a space journey that will ultimately decide the fate of mankind.;95;Andrew Stanton;Ben Burtt;Elissa Knight;Jeff Garlin;Fred Willard;999790;223,808,164
The Lives of Others;2006;A;137 min;Drama, Mystery, Thriller;8.4;In 1984 East Berlin, an agent of the secret police, conducting surveillance on a writer and his lover, finds himself becoming increasingly absorbed by their lives.;89;Florian Henckel von Donnersmarck;Ulrich M√ºhe;Martina Gedeck;Sebastian Koch;Ulrich Tukur;358685;11,286,112
Oldeuboi;2003;A;101 min;Action, Drama, Mystery;8.4;After being kidnapped and imprisoned for fifteen years, Oh Dae-Su is released, only to find that he must find his captor in five days.;77;Chan-wook Park;Choi Min-sik;Yoo Ji-Tae;Kang Hye-jeong;Kim Byeong-Ok;515451;707,481
Mononoke-hime;1997;U;134 min;Animation, Action, Adventure;8.4;On a journey to find the cure for a Tatarigami's curse, Ashitaka finds himself in the middle of a war between the forest gods and Tatara, a mining colony. In this quest he also meets San, the Mononoke Hime.;76;Hayao Miyazaki;Y√¥ji Matsuda;Yuriko Ishida;Y√ªko Tanaka;Billy Crudup;343171;2,375,308
Once Upon a Time in America;1984;A;229 min;Crime, Drama;8.4;A former Prohibition-era Jewish gangster returns to the Lower East Side of Manhattan over thirty years later, where he once again must confront the ghosts and regrets of his old life.;;Sergio Leone;Robert De Niro;James Woods;Elizabeth McGovern;Treat Williams;311365;5,321,508
Raiders of the Lost Ark;1981;A;115 min;Action, Adventure;8.4;In 1936, archaeologist and adventurer Indiana Jones is hired by the U.S. government to find the Ark of the Covenant before Adolf Hitler's Nazis can obtain its awesome powers.;85;Steven Spielberg;Harrison Ford;Karen Allen;Paul Freeman;John Rhys-Davies;884112;248,159,971
The Shining;1980;A;146 min;Drama, Horror;8.4;A family heads to an isolated hotel for the winter where a sinister presence influences the father into violence, while his psychic son sees horrific forebodings from both past and future.;66;Stanley Kubrick;Jack Nicholson;Shelley Duvall;Danny Lloyd;Scatman Crothers;898237;44,017,374
Apocalypse Now;1979;R;147 min;Drama, Mystery, War;8.4;A U.S. Army officer serving in Vietnam is tasked with assassinating a renegade Special Forces Colonel who sees himself as a god.;94;Francis Ford Coppola;Martin Sheen;Marlon Brando;Robert Duvall;Frederic Forrest;606398;83,471,511
Alien;1979;R;117 min;Horror, Sci-Fi;8.4;After a space merchant vessel receives an unknown transmission as a distress call, one of the crew is attacked by a mysterious life form and they soon realize that its life cycle has merely begun.;89;Ridley Scott;Sigourney Weaver;Tom Skerritt;John Hurt;Veronica Cartwright;787806;78,900,000
Anand;1971;U;122 min;Drama, Musical;8.4;The story of a terminally ill man who wishes to live life to the fullest before the inevitable occurs, as told by his best friend.;;Hrishikesh Mukherjee;Rajesh Khanna;Amitabh Bachchan;Sumita Sanyal;Ramesh Deo;30273;
Tengoku to jigoku;1963;;143 min;Crime, Drama, Mystery;8.4;An executive of a shoe company becomes a victim of extortion when his chauffeur's son is kidnapped and held for ransom.;;Akira Kurosawa;Toshir√¥ Mifune;Yutaka Sada;Tatsuya Nakadai;Ky√¥ko Kagawa;34357;
Dr. Strangelove or: How I Learned to Stop Worrying and Love the Bomb;1964;A;95 min;Comedy;8.4;An insane general triggers a path to nuclear holocaust that a War Room full of politicians and generals frantically tries to stop.;97;Stanley Kubrick;Peter Sellers;George C. Scott;Sterling Hayden;Keenan Wynn;450474;275,902
Witness for the Prosecution;1957;U;116 min;Crime, Drama, Mystery;8.4;A veteran British barrister must defend his client in a murder trial that has surprise after surprise.;;Billy Wilder;Tyrone Power;Marlene Dietrich;Charles Laughton;Elsa Lanchester;108862;8,175,000
Paths of Glory;1957;A;88 min;Drama, War;8.4;After refusing to attack an enemy position, a general accuses the soldiers of cowardice and their commanding officer must defend them.;90;Stanley Kubrick;Kirk Douglas;Ralph Meeker;Adolphe Menjou;George Macready;178092;
Rear Window;1954;U;112 min;Mystery, Thriller;8.4;A wheelchair-bound photographer spies on his neighbors from his apartment window and becomes convinced one of them has committed murder.;100;Alfred Hitchcock;James Stewart;Grace Kelly;Wendell Corey;Thelma Ritter;444074;36,764,313
Sunset Blvd.;1950;Passed;110 min;Drama, Film-Noir;8.4;A screenwriter develops a dangerous relationship with a faded film star determined to make a triumphant return.;;Billy Wilder;William Holden;Gloria Swanson;Erich von Stroheim;Nancy Olson;201632;
The Great Dictator;1940;Passed;125 min;Comedy, Drama, War;8.4;Dictator Adenoid Hynkel tries to expand his empire while a poor Jewish barber tries to avoid persecution from Hynkel's regime.;;Charles Chaplin;Charles Chaplin;Paulette Goddard;Jack Oakie;Reginald Gardiner;203150;288,475
1917;2019;R;119 min;Drama, Thriller, War;8.3;April 6th, 1917. As a regiment assembles to wage war deep in enemy territory, two soldiers are assigned to race against time and deliver a message that will stop 1,600 men from walking straight into a deadly trap.;78;Sam Mendes;Dean-Charles Chapman;George MacKay;Daniel Mays;Colin Firth;425844;159,227,644
Tumbbad;2018;A;104 min;Drama, Fantasy, Horror;8.3;A mythological story about a goddess who created the entire universe. The plot revolves around the consequences when humans build a temple for her first-born.;;Rahi Anil Barve;Anand Gandhi;Adesh Prasad;Sohum Shah;Jyoti Malshe;27793;
Andhadhun;2018;UA;139 min;Crime, Drama, Music;8.3;A series of mysterious events change the life of a blind pianist, who must now report a crime that he should technically know nothing of.;;Sriram Raghavan;Ayushmann Khurrana;Tabu;Radhika Apte;Anil Dhawan;71875;1,373,943
Drishyam;2013;U;160 min;Crime, Drama, Thriller;8.3;A man goes to extreme lengths to save his family from punishment after the family commits an accidental crime.;;Jeethu Joseph;Mohanlal;Meena;Asha Sharath;Ansiba;30722;
Jagten;2012;R;115 min;Drama;8.3;A teacher lives a lonely life, all the while struggling over his son's custody. His life slowly gets better as he finds love and receives good news from his son, but his new luck is about to be brutally shattered by an innocent little lie.;77;Thomas Vinterberg;Mads Mikkelsen;Thomas Bo Larsen;Annika Wedderkopp;Lasse Fogelstr√∏m;281623;687,185
Jodaeiye Nader az Simin;2011;PG-13;123 min;Drama;8.3;A married couple are faced with a difficult decision - to improve the life of their child by moving to another country or to stay in Iran and look after a deteriorating parent who has Alzheimer's disease.;95;Asghar Farhadi;Payman Maadi;Leila Hatami;Sareh Bayat;Shahab Hosseini;220002;7,098,492
Incendies;2010;R;131 min;Drama, Mystery, War;8.3;Twins journey to the Middle East to discover their family history and fulfill their mother's last wishes.;80;Denis Villeneuve;Lubna Azabal;M√©lissa D√©sormeaux-Poulin;Maxim Gaudette;Mustafa Kamel;150023;6,857,096
Miracle in cell NO.7;2019;TV-14;132 min;Drama;8.3;A story of love between a mentally-ill father who was wrongly accused of murder and his lovely six years old daughter. The prison would be their home. Based on the 2013 Korean movie 7-beon-bang-ui seon-mul (2013).;;Mehmet Ada √ñztekin;Aras Bulut Iynemli;Nisa Sofiya Aksongur;Deniz Baysal;Celile Toyon Uysal;33935;
Babam ve Oglum;2005;;112 min;Drama, Family;8.3;The family of a left-wing journalist is torn apart after the military coup of Turkey in 1980.;;√áagan Irmak;√áetin Tekindor;Fikret Kuskan;H√ºmeyra;Ege Tanman;78925;
Inglourious Basterds;2009;A;153 min;Adventure, Drama, War;8.3;In Nazi-occupied France during World War II, a plan to assassinate Nazi leaders by a group of Jewish U.S. soldiers coincides with a theatre owner's vengeful plans for the same.;69;Quentin Tarantino;Brad Pitt;Diane Kruger;Eli Roth;M√©lanie Laurent;1267869;120,540,719
Eternal Sunshine of the Spotless Mind;2004;UA;108 min;Drama, Romance, Sci-Fi;8.3;When their relationship turns sour, a couple undergoes a medical procedure to have each other erased from their memories.;89;Michel Gondry;Jim Carrey;Kate Winslet;Tom Wilkinson;Gerry Robert Byrne;911664;34,400,301
Am√©lie;2001;U;122 min;Comedy, Romance;8.3;Am√©lie is an innocent and naive girl in Paris with her own sense of justice. She decides to help those around her and, along the way, discovers love.;69;Jean-Pierre Jeunet;Audrey Tautou;Mathieu Kassovitz;Rufus;Lorella Cravotta;703810;33,225,499
Snatch;2000;UA;104 min;Comedy, Crime;8.3;Unscrupulous boxing promoters, violent bookmakers, a Russian gangster, incompetent amateur robbers and supposedly Jewish jewelers fight to track down a priceless stolen diamond.;55;Guy Ritchie;Jason Statham;Brad Pitt;Benicio Del Toro;Dennis Farina;782001;30,328,156
Requiem for a Dream;2000;A;102 min;Drama;8.3;The drug-induced utopias of four Coney Island people are shattered when their addictions run deep.;68;Darren Aronofsky;Ellen Burstyn;Jared Leto;Jennifer Connelly;Marlon Wayans;766870;3,635,482
American Beauty;1999;UA;122 min;Drama;8.3;A sexually frustrated suburban father has a mid-life crisis after becoming infatuated with his daughter's best friend.;84;Sam Mendes;Kevin Spacey;Annette Bening;Thora Birch;Wes Bentley;1069738;130,096,601
Good Will Hunting;1997;U;126 min;Drama, Romance;8.3;Will Hunting, a janitor at M.I.T., has a gift for mathematics, but needs help from a psychologist to find direction in his life.;70;Gus Van Sant;Robin Williams;Matt Damon;Ben Affleck;Stellan Skarsg√•rd;861606;138,433,435
Bacheha-Ye aseman;1997;PG;89 min;Drama, Family, Sport;8.3;"After a boy loses his sister's pair of shoes, he goes on a series of adventures in order to find them. When he can't, he tries a new way to ""win"" a new pair.";77;Majid Majidi;Mohammad Amir Naji;Amir Farrokh Hashemian;Bahare Seddiqi;Nafise Jafar-Mohammadi;65341;933,933
Toy Story;1995;U;81 min;Animation, Adventure, Comedy;8.3;A cowboy doll is profoundly threatened and jealous when a new spaceman figure supplants him as top toy in a boy's room.;95;John Lasseter;Tom Hanks;Tim Allen;Don Rickles;Jim Varney;887429;191,796,233
Braveheart;1995;A;178 min;Biography, Drama, History;8.3;Scottish warrior William Wallace leads his countrymen in a rebellion to free his homeland from the tyranny of King Edward I of England.;68;Mel Gibson;Mel Gibson;Sophie Marceau;Patrick McGoohan;Angus Macfadyen;959181;75,600,000
Reservoir Dogs;1992;R;99 min;Crime, Drama, Thriller;8.3;When a simple jewelry heist goes horribly wrong, the surviving criminals begin to suspect that one of them is a police informant.;79;Quentin Tarantino;Harvey Keitel;Tim Roth;Michael Madsen;Chris Penn;918562;2,832,029
Full Metal Jacket;1987;UA;116 min;Drama, War;8.3;A pragmatic U.S. Marine observes the dehumanizing effects the Vietnam War has on his fellow recruits from their brutal boot camp training to the bloody street fighting in Hue.;76;Stanley Kubrick;Matthew Modine;R. Lee Ermey;Vincent D'Onofrio;Adam Baldwin;675146;46,357,676
Idi i smotri;1985;A;142 min;Drama, Thriller, War;8.3;After finding an old rifle, a young boy joins the Soviet resistance movement against ruthless German forces and experiences the horrors of World War II.;;Elem Klimov;Aleksey Kravchenko;Olga Mironova;Liubomiras Laucevicius;Vladas Bagdonas;59056;
Aliens;1986;U;137 min;Action, Adventure, Sci-Fi;8.3;Fifty-seven years after surviving an apocalyptic attack aboard her space vessel by merciless space creatures, Officer Ripley awakens from hyper-sleep and tries to warn anyone who will listen about the predators.;84;James Cameron;Sigourney Weaver;Michael Biehn;Carrie Henn;Paul Reiser;652719;85,160,248
Amadeus;1984;R;160 min;Biography, Drama, History;8.3;The life, success and troubles of Wolfgang Amadeus Mozart, as told by Antonio Salieri, the contemporaneous composer who was insanely jealous of Mozart's talent and claimed to have murdered him.;88;Milos Forman;F. Murray Abraham;Tom Hulce;Elizabeth Berridge;Roy Dotrice;369007;51,973,029
Scarface;1983;A;170 min;Crime, Drama;8.3;In 1980 Miami, a determined Cuban immigrant takes over a drug cartel and succumbs to greed.;65;Brian De Palma;Al Pacino;Michelle Pfeiffer;Steven Bauer;Mary Elizabeth Mastrantonio;740911;45,598,982
Star Wars: Episode VI - Return of the Jedi;1983;U;131 min;Action, Adventure, Fantasy;8.3;After a daring mission to rescue Han Solo from Jabba the Hutt, the Rebels dispatch to Endor to destroy the second Death Star. Meanwhile, Luke struggles to help Darth Vader back from the dark side without falling into the Emperor's trap.;58;Richard Marquand;Mark Hamill;Harrison Ford;Carrie Fisher;Billy Dee Williams;950470;309,125,409
Das Boot;1981;R;149 min;Adventure, Drama, Thriller;8.3;"The claustrophobic world of a WWII German U-boat; boredom, filth and sheer terror.";86;Wolfgang Petersen;J√ºrgen Prochnow;Herbert Gr√∂nemeyer;Klaus Wennemann;Hubertus Bengsch;231855;11,487,676
Taxi Driver;1976;A;114 min;Crime, Drama;8.3;A mentally unstable veteran works as a nighttime taxi driver in New York City, where the perceived decadence and sleaze fuels his urge for violent action by attempting to liberate a presidential campaign worker and an underage prostitute.;94;Martin Scorsese;Robert De Niro;Jodie Foster;Cybill Shepherd;Albert Brooks;724636;28,262,574
The Sting;1973;U;129 min;Comedy, Crime, Drama;8.3;Two grifters team up to pull off the ultimate con.;83;George Roy Hill;Paul Newman;Robert Redford;Robert Shaw;Charles Durning;241513;159,600,000
A Clockwork Orange;1971;A;136 min;Crime, Drama, Sci-Fi;8.3;In the future, a sadistic gang leader is imprisoned and volunteers for a conduct-aversion experiment, but it doesn't go as planned.;77;Stanley Kubrick;Malcolm McDowell;Patrick Magee;Michael Bates;Warren Clarke;757904;6,207,725
2001: A Space Odyssey;1968;U;149 min;Adventure, Sci-Fi;8.3;After discovering a mysterious artifact buried beneath the Lunar surface, mankind sets off on a quest to find its origins with help from intelligent supercomputer H.A.L. 9000.;84;Stanley Kubrick;Keir Dullea;Gary Lockwood;William Sylvester;Daniel Richter;603517;56,954,992
Per qualche dollaro in pi√π;1965;U;132 min;Western;8.3;Two bounty hunters with the same intentions team up to track down a Western outlaw.;74;Sergio Leone;Clint Eastwood;Lee Van Cleef;Gian Maria Volont√®;Mara Krupp;232772;15,000,000
Lawrence of Arabia;1962;U;228 min;Adventure, Biography, Drama;8.3;The story of T.E. Lawrence, the English officer who successfully united and led the diverse, often warring, Arab tribes during World War I in order to fight the Turks.;100;David Lean;Peter O'Toole;Alec Guinness;Anthony Quinn;Jack Hawkins;268085;44,824,144
The Apartment;1960;U;125 min;Comedy, Drama, Romance;8.3;A man tries to rise in his company by letting its executives use his apartment for trysts, but complications and a romance of his own ensue.;94;Billy Wilder;Jack Lemmon;Shirley MacLaine;Fred MacMurray;Ray Walston;164363;18,600,000
North by Northwest;1959;U;136 min;Adventure, Mystery, Thriller;8.3;A New York City advertising executive goes on the run after being mistaken for a government agent by a group of foreign spies.;98;Alfred Hitchcock;Cary Grant;Eva Marie Saint;James Mason;Jessie Royce Landis;299198;13,275,000
Vertigo;1958;A;128 min;Mystery, Romance, Thriller;8.3;A former police detective juggles wrestling with his personal demons and becoming obsessed with a hauntingly beautiful woman.;100;Alfred Hitchcock;James Stewart;Kim Novak;Barbara Bel Geddes;Tom Helmore;364368;3,200,000
Singin' in the Rain;1952;G;103 min;Comedy, Musical, Romance;8.3;A silent film production company and cast make a difficult transition to sound.;99;Stanley Donen;Gene Kelly;Gene Kelly;Donald O'Connor;Debbie Reynolds;218957;8,819,028
Ikiru;1952;;143 min;Drama;8.3;A bureaucrat tries to find a meaning in his life after he discovers he has terminal cancer.;;Akira Kurosawa;Takashi Shimura;Nobuo Kaneko;Shin'ichi Himori;Haruo Tanaka;68463;55,24
Ladri di biciclette;1948;;89 min;Drama;8.3;In post-war Italy, a working-class man's bicycle is stolen. He and his son set out to find it.;;Vittorio De Sica;Lamberto Maggiorani;Enzo Staiola;Lianella Carell;Elena Altieri;146427;332,93
Double Indemnity;1944;Passed;107 min;Crime, Drama, Film-Noir;8.3;An insurance representative lets himself be talked by a seductive housewife into a murder/insurance fraud scheme that arouses the suspicion of an insurance investigator.;95;Billy Wilder;Fred MacMurray;Barbara Stanwyck;Edward G. Robinson;Byron Barr;143525;5,720,000
Citizen Kane;1941;UA;119 min;Drama, Mystery;8.3;"Following the death of publishing tycoon Charles Foster Kane, reporters scramble to uncover the meaning of his final utterance; 'Rosebud'.";100;Orson Welles;Orson Welles;Joseph Cotten;Dorothy Comingore;Agnes Moorehead;403351;1,585,634
M - Eine Stadt sucht einen M√∂rder;1931;Passed;117 min;Crime, Mystery, Thriller;8.3;When the police in a German city are unable to catch a child-murderer, other criminals join in the manhunt.;;Fritz Lang;Peter Lorre;Ellen Widmann;Inge Landgut;Otto Wernicke;143434;28,877
Metropolis;1927;;153 min;Drama, Sci-Fi;8.3;In a futuristic city sharply divided between the working class and the city planners, the son of the city's mastermind falls in love with a working-class prophet who predicts the coming of a savior to mediate their differences.;98;Fritz Lang;Brigitte Helm;Alfred Abel;Gustav Fr√∂hlich;Rudolf Klein-Rogge;159992;1,236,166
The Kid;1921;Passed;68 min;Comedy, Drama, Family;8.3;The Tramp cares for an abandoned child, but events put that relationship in jeopardy.;;Charles Chaplin;Charles Chaplin;Edna Purviance;Jackie Coogan;Carl Miller;113314;5,450,000
Chhichhore;2019;UA;143 min;Comedy, Drama;8.2;A tragic incident forces Anirudh, a middle-aged man, to take a trip down memory lane and reminisce his college days along with his friends, who were labelled as losers.;;Nitesh Tiwari;Sushant Singh Rajput;Shraddha Kapoor;Varun Sharma;Prateik;33893;898,575
Uri: The Surgical Strike;2018;UA;138 min;Action, Drama, War;8.2;Indian army special forces execute a covert operation, avenging the killing of fellow army men at their base by a terrorist group.;;Aditya Dhar;Vicky Kaushal;Paresh Rawal;Mohit Raina;Yami Gautam;43444;4,186,168
K.G.F: Chapter 1;2018;UA;156 min;Action, Drama;8.2;In the 1970s, a fierce rebel rises against brutal oppression and becomes the symbol of hope to legions of downtrodden people.;;Prashanth Neel;Yash;Srinidhi Shetty;Ramachandra Raju;Archana Jois;36680;
Green Book;2018;UA;130 min;Biography, Comedy, Drama;8.2;A working-class Italian-American bouncer becomes the driver of an African-American classical pianist on a tour of venues through the 1960s American South.;69;Peter Farrelly;Viggo Mortensen;Mahershala Ali;Linda Cardellini;Sebastian Maniscalco;377884;85,080,171
Three Billboards Outside Ebbing, Missouri;2017;A;115 min;Comedy, Crime, Drama;8.2;A mother personally challenges the local authorities to solve her daughter's murder when they fail to catch the culprit.;88;Martin McDonagh;Frances McDormand;Woody Harrelson;Sam Rockwell;Caleb Landry Jones;432610;54,513,740
Talvar;2015;UA;132 min;Crime, Drama, Mystery;8.2;An experienced investigator confronts several conflicting theories about the perpetrators of a violent double homicide.;;Meghna Gulzar;Irrfan Khan;Konkona Sen Sharma;Neeraj Kabi;Sohum Shah;31142;342,37
Baahubali 2: The Conclusion;2017;UA;167 min;Action, Drama;8.2;When Shiva, the son of Bahubali, learns about his heritage, he begins to look for answers. His story is juxtaposed with past events that unfolded in the Mahishmati Kingdom.;;S.S. Rajamouli;Prabhas;Rana Daggubati;Anushka Shetty;Tamannaah Bhatia;75348;20,186,659
Klaus;2019;PG;96 min;Animation, Adventure, Comedy;8.2;A simple act of kindness always sparks another, even in a frozen, faraway place. When Smeerensburg's new postman, Jesper, befriends toymaker Klaus, their gifts melt an age-old feud and deliver a sleigh full of holiday traditions.;65;Sergio Pablos;Carlos Mart√≠nez L√≥pez;Jason Schwartzman;J.K. Simmons;Rashida Jones;104761;
Drishyam;2015;UA;163 min;Crime, Drama, Mystery;8.2;Desperate measures are taken by a man who tries to save his family from the dark side of the law, after they commit an unexpected crime.;;Nishikant Kamat;Ajay Devgn;Shriya Saran;Tabu;Rajat Kapoor;70367;739,478
Queen;2013;UA;146 min;Adventure, Comedy, Drama;8.2;A Delhi girl from a traditional family sets out on a solo honeymoon after her marriage gets cancelled.;;Vikas Bahl;Kangana Ranaut;Rajkummar Rao;Lisa Haydon;Jeffrey Ho;60701;1,429,534
Mandariinid;2013;;87 min;Drama, War;8.2;In 1992, war rages in Abkhazia, a breakaway region of Georgia. An Estonian man Ivo has decided to stay behind and harvest his crops of tangerines. In a bloody conflict at his door, a wounded man is left behind, and Ivo takes him in.;73;Zaza Urushadze;Lembit Ulfsak;Elmo N√ºganen;Giorgi Nakashidze;Misha Meskhi;40382;144,501
Bhaag Milkha Bhaag;2013;U;186 min;Biography, Drama, Sport;8.2;The truth behind the ascension of Milkha Singh who was scarred because of the India-Pakistan partition.;;Rakeysh Omprakash Mehra;Farhan Akhtar;Sonam Kapoor;Pawan Malhotra;Art Malik;61137;1,626,289
Gangs of Wasseypur;2012;A;321 min;Action, Comedy, Crime;8.2;A clash between Sultan and Shahid Khan leads to the expulsion of Khan from Wasseypur, and ignites a deadly blood feud spanning three generations.;89;Anurag Kashyap;Manoj Bajpayee;Richa Chadha;Nawazuddin Siddiqui;Tigmanshu Dhulia;82365;
Udaan;2010;UA;134 min;Drama;8.2;Expelled from his school, a 16-year old boy returns home to his abusive and oppressive father.;;Vikramaditya Motwane;Rajat Barmecha;Ronit Roy;Manjot Singh;Ram Kapoor;42341;7,461
Paan Singh Tomar;2012;UA;135 min;Action, Biography, Crime;8.2;The story of Paan Singh Tomar, an Indian athlete and seven-time national steeplechase champion who becomes one of the most feared dacoits in Chambal Valley after his retirement.;;Tigmanshu Dhulia;Irrfan Khan;Mahie Gill;Rajesh Abhay;Hemendra Dandotiya;33237;39,567
El secreto de sus ojos;2009;R;129 min;Drama, Mystery, Romance;8.2;A retired legal counselor writes a novel hoping to find closure for one of his past unresolved homicide cases and for his unreciprocated love with his superior - both of which still haunt him decades later.;80;Juan Jos√© Campanella;Ricardo Dar√≠n;Soledad Villamil;Pablo Rago;Carla Quevedo;193217;6,391,436
Warrior;2011;UA;140 min;Action, Drama, Sport;8.2;The youngest son of an alcoholic former boxer returns home, where he's trained by his father for competition in a mixed martial arts tournament - a path that puts the fighter on a collision course with his estranged, older brother.;71;Gavin O'Connor;Tom Hardy;Nick Nolte;Joel Edgerton;Jennifer Morrison;435950;13,657,115
Shutter Island;2010;A;138 min;Mystery, Thriller;8.2;In 1954, a U.S. Marshal investigates the disappearance of a murderer who escaped from a hospital for the criminally insane.;63;Martin Scorsese;Leonardo DiCaprio;Emily Mortimer;Mark Ruffalo;Ben Kingsley;1129894;128,012,934
Up;2009;U;96 min;Animation, Adventure, Comedy;8.2;78-year-old Carl Fredricksen travels to Paradise Falls in his house equipped with balloons, inadvertently taking a young stowaway.;88;Pete Docter;Bob Peterson;Edward Asner;Jordan Nagai;John Ratzenberger;935507;293,004,164
The Wolf of Wall Street;2013;A;180 min;Biography, Crime, Drama;8.2;Based on the true story of Jordan Belfort, from his rise to a wealthy stock-broker living the high life to his fall involving crime, corruption and the federal government.;75;Martin Scorsese;Leonardo DiCaprio;Jonah Hill;Margot Robbie;Matthew McConaughey;1187498;116,900,694
Chak De! India;2007;U;153 min;Drama, Family, Sport;8.2;Kabir Khan is the coach of the Indian Women's National Hockey Team and his dream is to make his all girls team emerge victorious against all odds.;68;Shimit Amin;Shah Rukh Khan;Vidya Malvade;Sagarika Ghatge;Shilpa Shukla;74129;1,113,541
There Will Be Blood;2007;A;158 min;Drama;8.2;A story of family, religion, hatred, oil and madness, focusing on a turn-of-the-century prospector in the early days of the business.;93;Paul Thomas Anderson;Daniel Day-Lewis;Paul Dano;Ciar√°n Hinds;Martin Stringer;517359;40,222,514
Pan's Labyrinth;2006;UA;118 min;Drama, Fantasy, War;8.2;In the Falangist Spain of 1944, the bookish young stepdaughter of a sadistic army officer escapes into an eerie but captivating fantasy world.;98;Guillermo del Toro;Ivana Baquero;Ariadna Gil;Sergi L√≥pez;Maribel Verd√∫;618623;37,634,615
Toy Story 3;2010;U;103 min;Animation, Adventure, Comedy;8.2;The toys are mistakenly delivered to a day-care center instead of the attic right before Andy leaves for college, and it's up to Woody to convince the other toys that they weren't abandoned and to return home.;92;Lee Unkrich;Tom Hanks;Tim Allen;Joan Cusack;Ned Beatty;757032;415,004,880
V for Vendetta;2005;A;132 min;Action, Drama, Sci-Fi;8.2;"In a future British tyranny, a shadowy freedom fighter, known only by the alias of ""V"", plots to overthrow it with the help of a young woman.";62;James McTeigue;Hugo Weaving;Natalie Portman;Rupert Graves;Stephen Rea;1032749;70,511,035
Rang De Basanti;2006;UA;167 min;Comedy, Crime, Drama;8.2;The story of six young Indians who assist an English woman to film a documentary on the freedom fighters from their past, and the events that lead them to relive the long-forgotten saga of freedom.;;Rakeysh Omprakash Mehra;Aamir Khan;Soha Ali Khan;Siddharth;Sharman Joshi;111937;2,197,331
Black;2005;U;122 min;Drama;8.2;The cathartic tale of a young woman who can't see, hear or talk and the teacher who brings a ray of light into her dark world.;;Sanjay Leela Bhansali;Amitabh Bachchan;Rani Mukerji;Shernaz Patel;Ayesha Kapoor;33354;733,094
Batman Begins;2005;UA;140 min;Action, Adventure;8.2;After training with his mentor, Batman begins his fight to free crime-ridden Gotham City from corruption.;70;Christopher Nolan;Christian Bale;Michael Caine;Ken Watanabe;Liam Neeson;1308302;206,852,432
Swades: We, the People;2004;U;210 min;Drama;8.2;A successful Indian scientist returns to an Indian village to take his nanny to America with him and in the process rediscovers his roots.;;Ashutosh Gowariker;Shah Rukh Khan;Gayatri Joshi;Kishori Ballal;Smit Sheth;83005;1,223,240
Der Untergang;2004;R;156 min;Biography, Drama, History;8.2;Traudl Junge, the final secretary for Adolf Hitler, tells of the Nazi dictator's final days in his Berlin bunker at the end of WWII.;82;Oliver Hirschbiegel;Bruno Ganz;Alexandra Maria Lara;Ulrich Matthes;Juliane K√∂hler;331308;5,509,040
Hauru no ugoku shiro;2004;U;119 min;Animation, Adventure, Family;8.2;When an unconfident young woman is cursed with an old body by a spiteful witch, her only chance of breaking the spell lies with a self-indulgent yet insecure young wizard and his companions in his legged, walking castle.;80;Hayao Miyazaki;Chieko Baish√¥;Takuya Kimura;Tatsuya Gash√ªin;Akihiro Miwa;333915;4,711,096
A Beautiful Mind;2001;UA;135 min;Biography, Drama;8.2;After John Nash, a brilliant but asocial mathematician, accepts secret work in cryptography, his life takes a turn for the nightmarish.;72;Ron Howard;Russell Crowe;Ed Harris;Jennifer Connelly;Christopher Plummer;848920;170,742,341
Hera Pheri;2000;U;156 min;Action, Comedy, Crime;8.2;Three unemployed men look for answers to all their money problems - but when their opportunity arrives, will they know what to do with it?;;Priyadarshan;Akshay Kumar;Sunil Shetty;Paresh Rawal;Tabu;57057;
Lock, Stock and Two Smoking Barrels;1998;A;107 min;Action, Comedy, Crime;8.2;A botched card game in London triggers four friends, thugs, weed-growers, hard gangsters, loan sharks and debt collectors to collide with each other in a series of unexpected events, all for the sake of weed, cash and two antique shotguns.;66;Guy Ritchie;Jason Flemyng;Dexter Fletcher;Nick Moran;Jason Statham;535216;3,897,569
L.A. Confidential;1997;A;138 min;Crime, Drama, Mystery;8.2;As corruption grows in 1950s Los Angeles, three policemen - one strait-laced, one brutal, and one sleazy - investigate a series of murders with their own brand of justice.;90;Curtis Hanson;Kevin Spacey;Russell Crowe;Guy Pearce;Kim Basinger;531967;64,616,940
Eskiya;1996;;128 min;Crime, Drama, Thriller;8.2;Baran the Bandit, released from prison after 35 years, searches for vengeance and his lover.;;Yavuz Turgul;Sener Sen;Ugur Y√ºcel;Sermin H√ºrmeri√ß;Yesim Salkim;64118;
Heat;1995;A;170 min;Crime, Drama, Thriller;8.2;A group of professional bank robbers start to feel the heat from police when they unknowingly leave a clue at their latest heist.;76;Michael Mann;Al Pacino;Robert De Niro;Val Kilmer;Jon Voight;577113;67,436,818
Casino;1995;A;178 min;Crime, Drama;8.2;A tale of greed, deception, money, power, and murder occur between two best friends: a mafia enforcer and a casino executive compete against each other over a gambling empire, and over a fast-living and fast-loving socialite.;73;Martin Scorsese;Robert De Niro;Sharon Stone;Joe Pesci;James Woods;466276;42,438,300
Andaz Apna Apna;1994;U;160 min;Action, Comedy, Romance;8.2;Two slackers competing for the affections of an heiress inadvertently become her protectors from an evil criminal.;;Rajkumar Santoshi;Aamir Khan;Salman Khan;Raveena Tandon;Karisma Kapoor;49300;
Unforgiven;1992;A;130 min;Drama, Western;8.2;"Retired Old West gunslinger William Munny reluctantly takes on one last job, with the help of his old partner Ned Logan and a young man, The ""Schofield Kid.""";85;Clint Eastwood;Clint Eastwood;Gene Hackman;Morgan Freeman;Richard Harris;375935;101,157,447
Dom za vesanje;1988;R;142 min;Comedy, Crime, Drama;8.2;In this luminous tale set in the area around Sarajevo and in Italy, Perhan, an engaging young Romany (gypsy) with telekinetic powers, is seduced by the quick-cash world of petty crime, which threatens to destroy him and those he loves.;;Emir Kusturica;Davor Dujmovic;Bora Todorovic;Ljubica Adzovic;Husnija Hasimovic;26402;280,015
Tonari no Totoro;1988;U;86 min;Animation, Family, Fantasy;8.2;When two girls move to the country to be near their ailing mother, they have adventures with the wondrous forest spirits who live nearby.;86;Hayao Miyazaki;Hitoshi Takagi;Noriko Hidaka;Chika Sakamoto;Shigesato Itoi;291180;1,105,564
Die Hard;1988;A;132 min;Action, Thriller;8.2;An NYPD officer tries to save his wife and several others taken hostage by German terrorists during a Christmas party at the Nakatomi Plaza in Los Angeles.;72;John McTiernan;Bruce Willis;Alan Rickman;Bonnie Bedelia;Reginald VelJohnson;793164;83,008,852
Ran;1985;U;162 min;Action, Drama, War;8.2;In Medieval Japan, an elderly warlord retires, handing over his empire to his three sons. However, he vastly underestimates how the new-found power will corrupt them and cause them to turn on each other...and him.;96;Akira Kurosawa;Tatsuya Nakadai;Akira Terao;Jinpachi Nezu;Daisuke Ry√ª;112505;4,135,750
Raging Bull;1980;A;129 min;Biography, Drama, Sport;8.2;The life of boxer Jake LaMotta, whose violence and temper that led him to the top in the ring destroyed his life outside of it.;89;Martin Scorsese;Robert De Niro;Cathy Moriarty;Joe Pesci;Frank Vincent;321860;23,383,987
Stalker;1979;U;162 min;Drama, Sci-Fi;8.2;A guide leads two men through an area known as the Zone to find a room that grants wishes.;;Andrei Tarkovsky;Alisa Freyndlikh;Aleksandr Kaydanovskiy;Anatoliy Solonitsyn;Nikolay Grinko;116945;234,723
H√∂stsonaten;1978;U;99 min;Drama, Music;8.2;A married daughter who longs for her mother's love is visited by the latter, a successful concert pianist.;;Ingmar Bergman;Ingrid Bergman;Liv Ullmann;Lena Nyman;Halvar Bj√∂rk;26875;
The Message;1976;PG;177 min;Biography, Drama, History;8.2;This epic historical drama chronicles the life and times of Prophet Muhammad and serves as an introduction to early Islamic history.;;Moustapha Akkad;Anthony Quinn;Irene Papas;Michael Ansara;Johnny Sekka;43885;
Sholay;1975;U;204 min;Action, Adventure, Comedy;8.2;After his family is murdered by a notorious and ruthless bandit, a former police officer enlists the services of two outlaws to capture the bandit.;;Ramesh Sippy;Sanjeev Kumar;Dharmendra;Amitabh Bachchan;Amjad Khan;51284;
Monty Python and the Holy Grail;1975;PG;91 min;Adventure, Comedy, Fantasy;8.2;King Arthur and his Knights of the Round Table embark on a surreal, low-budget search for the Holy Grail, encountering many, very silly obstacles.;91;Terry Gilliam;Terry Jones;Graham Chapman;John Cleese;Eric Idle;500875;1,229,197
The Great Escape;1963;U;172 min;Adventure, Drama, History;8.2;Allied prisoners of war plan for several hundred of their number to escape from a German camp during World War II.;86;John Sturges;Steve McQueen;James Garner;Richard Attenborough;Charles Bronson;224730;12,100,000
To Kill a Mockingbird;1962;U;129 min;Crime, Drama;8.2;Atticus Finch, a lawyer in the Depression-era South, defends a black man against an undeserved rape charge, and his children against prejudice.;88;Robert Mulligan;Gregory Peck;John Megna;Frank Overton;Rosemary Murphy;293811;
Y√¥jinb√¥;1961;;110 min;Action, Drama, Thriller;8.2;A crafty ronin comes to a town divided by two criminal gangs and decides to play them against each other to free the town.;;Akira Kurosawa;Toshir√¥ Mifune;Eijir√¥ T√¥no;Tatsuya Nakadai;Y√¥ko Tsukasa;111244;
Some Like It Hot;1959;U;121 min;Comedy, Music, Romance;8.2;After two male musicians witness a mob hit, they flee the state in an all-female band disguised as women, but further complications set in.;98;Billy Wilder;Marilyn Monroe;Tony Curtis;Jack Lemmon;George Raft;243943;25,000,000
Smultronst√§llet;1957;U;91 min;Drama, Romance;8.2;After living a life marked by coldness, an aging professor is forced to confront the emptiness of his existence.;88;Ingmar Bergman;Victor Sj√∂str√∂m;Bibi Andersson;Ingrid Thulin;Gunnar Bj√∂rnstrand;96381;
Det sjunde inseglet;1957;A;96 min;Drama, Fantasy, History;8.2;A man seeks answers about life, death, and the existence of God as he plays chess against the Grim Reaper during the Black Plague.;88;Ingmar Bergman;Max von Sydow;Gunnar Bj√∂rnstrand;Bengt Ekerot;Nils Poppe;164939;
Du rififi chez les hommes;1955;;118 min;Crime, Drama, Thriller;8.2;Four men plan a technically perfect crime, but the human element intervenes...;97;Jules Dassin;Jean Servais;Carl M√∂hner;Robert Manuel;Janine Darcey;28810;57,226
Dial M for Murder;1954;A;105 min;Crime, Thriller;8.2;A former tennis player tries to arrange his wife's murder after learning of her affair.;75;Alfred Hitchcock;Ray Milland;Grace Kelly;Robert Cummings;John Williams;158335;12,562
T√¥ky√¥ monogatari;1953;U;136 min;Drama;8.2;An old couple visit their children and grandchildren in the city, but receive little attention.;;Yasujir√¥ Ozu;Chish√ª Ry√ª;Chieko Higashiyama;S√¥ Yamamura;Setsuko Hara;53153;
Rash√¥mon;1950;;88 min;Crime, Drama, Mystery;8.2;The rape of a bride and the murder of her samurai husband are recalled from the perspectives of a bandit, the bride, the samurai's ghost and a woodcutter.;98;Akira Kurosawa;Toshir√¥ Mifune;Machiko Ky√¥;Masayuki Mori;Takashi Shimura;152572;96,568
All About Eve;1950;Passed;138 min;Drama;8.2;A seemingly timid but secretly ruthless ing√©nue insinuates herself into the lives of an aging Broadway star and her circle of theater friends.;98;Joseph L. Mankiewicz;Bette Davis;Anne Baxter;George Sanders;Celeste Holm;120539;10,177
The Treasure of the Sierra Madre;1948;Passed;126 min;Adventure, Drama, Western;8.2;Two Americans searching for work in Mexico convince an old prospector to help them mine for gold in the Sierra Madre Mountains.;98;John Huston;Humphrey Bogart;Walter Huston;Tim Holt;Bruce Bennett;114304;5,014,000
To Be or Not to Be;1942;Passed;99 min;Comedy, War;8.2;During the Nazi occupation of Poland, an acting troupe becomes embroiled in a Polish soldier's efforts to track down a German spy.;86;Ernst Lubitsch;Carole Lombard;Jack Benny;Robert Stack;Felix Bressart;29915;
The Gold Rush;1925;Passed;95 min;Adventure, Comedy, Drama;8.2;A prospector goes to the Klondike in search of gold and finds it and more.;;Charles Chaplin;Charles Chaplin;Mack Swain;Tom Murray;Henry Bergman;101053;5,450,000
Sherlock Jr.;1924;Passed;45 min;Action, Comedy, Romance;8.2;A film projectionist longs to be a detective, and puts his meagre skills to work when he is framed by a rival for stealing his girlfriend's father's pocketwatch.;;Buster Keaton;Buster Keaton;Kathryn McGuire;Joe Keaton;Erwin Connelly;41985;977,375
Portrait de la jeune fille en feu;2019;R;122 min;Drama, Romance;8.1;On an isolated island in Brittany at the end of the eighteenth century, a female painter is obliged to paint a wedding portrait of a young woman.;95;C√©line Sciamma;No√©mie Merlant;Ad√®le Haenel;Lu√†na Bajrami;Valeria Golino;63134;3,759,854
Pink;2016;UA;136 min;Drama, Thriller;8.1;When three young women are implicated in a crime, a retired lawyer steps forward to help them clear their names.;;Aniruddha Roy Chowdhury;Taapsee Pannu;Amitabh Bachchan;Kirti Kulhari;Andrea Tariang;39216;1,241,223
Koe no katachi;2016;16;130 min;Animation, Drama, Family;8.1;A young man is ostracized by his classmates after he bullies a deaf girl to the point where she moves away. Years later, he sets off on a path for redemption.;78;Naoko Yamada;Miyu Irino;Saori Hayami;Aoi Y√ªki;Kensh√¥ Ono;47708;
Contratiempo;2016;TV-MA;106 min;Crime, Drama, Mystery;8.1;A successful entrepreneur accused of murder and a witness preparation expert have less than three hours to come up with an impregnable defense.;;Oriol Paulo;Mario Casas;Ana Wagener;Jose Coronado;B√°rbara Lennie;141516;
Ah-ga-ssi;2016;A;145 min;Drama, Romance, Thriller;8.1;A woman is hired as a handmaiden to a Japanese heiress, but secretly she is involved in a plot to defraud her.;84;Chan-wook Park;Kim Min-hee;Jung-woo Ha;Cho Jin-woong;Moon So-Ri;113649;2,006,788
Mommy;2014;R;139 min;Drama;8.1;A widowed single mother, raising her violent son alone, finds new hope when a mysterious neighbor inserts herself into their household.;74;Xavier Dolan;Anne Dorval;Antoine Olivier Pilon;Suzanne Cl√©ment;Patrick Huard;50700;3,492,754
Haider;2014;UA;160 min;Action, Crime, Drama;8.1;A young man returns to Kashmir after his father's disappearance to confront his uncle, whom he suspects of playing a role in his father's fate.;;Vishal Bhardwaj;Shahid Kapoor;Tabu;Shraddha Kapoor;Kay Kay Menon;50445;901,61
Logan;2017;A;137 min;Action, Drama, Sci-Fi;8.1;In a future where mutants are nearly extinct, an elderly and weary Logan leads a quiet life. But when Laura, a mutant child pursued by scientists, comes to him for help, he must get her to safety.;77;James Mangold;Hugh Jackman;Patrick Stewart;Dafne Keen;Boyd Holbrook;647884;226,277,068